Link,carrier,p_nom_opt,p_nom,p_nom_max,p_nom_extendable,active
BG offshore 0 co2 stored pipeline-2040,CO2 pipeline,17.33542132252689,0.0,inf,True,True
GBD offshore 0 co2 stored pipeline-2040,CO2 pipeline,4893.0079844220745,0.0,inf,True,True
GBE offshore 0 co2 stored pipeline-2040,CO2 pipeline,641.6783169444274,0.0,inf,True,True
GBE offshore 1 co2 stored pipeline-2040,CO2 pipeline,711.2569616349915,0.0,inf,True,True
GBF offshore 0 co2 stored pipeline-2040,CO2 pipeline,1602.0586622722185,0.0,inf,True,True
GBH offshore 0 co2 stored pipeline-2040,CO2 pipeline,12484.117352583697,0.0,inf,True,True
GBL offshore 0 co2 stored pipeline-2040,CO2 pipeline,134.5626159083366,0.0,inf,True,True
GBM offshore 0 co2 stored pipeline-2040,CO2 pipeline,13189.538416204661,0.0,inf,True,True
GR5 offshore 0 co2 stored pipeline-2040,CO2 pipeline,24.550980581023765,0.0,inf,True,True
NL3 offshore 0 co2 stored pipeline-2040,CO2 pipeline,0.0021712846688663337,0.0,inf,True,True
NL3 offshore 1 co2 stored pipeline-2040,CO2 pipeline,16.360833183975892,0.0,inf,True,True
NO0A offshore 0 co2 stored pipeline-2040,CO2 pipeline,410.1416411825836,0.0,inf,True,True
H2 pipeline AL0 -> GR5-2040,H2 pipeline,0.0,0.0,inf,False,True
H2 pipeline AL0 -> ME0-2040,H2 pipeline,0.0,0.0,inf,False,True
H2 pipeline AL0 -> MK0-2040,H2 pipeline,0.0,0.0,inf,False,True
H2 pipeline AL0 -> XK-2040,H2 pipeline,0.0,0.0,inf,False,True
H2 pipeline AT -> CH0-2040,H2 pipeline,0.0,0.0,inf,False,True
H2 pipeline AT -> CZ0-2040,H2 pipeline,0.0,0.0,inf,False,True
H2 pipeline AT -> DE1-2040,H2 pipeline,0.0,0.0,inf,False,True
H2 pipeline AT -> HU-2040,H2 pipeline,0.0,0.0,inf,False,True
H2 pipeline AT -> SI0-2040,H2 pipeline,0.0,0.0,inf,False,True
H2 pipeline BA -> HR-2040,H2 pipeline,0.0,0.0,inf,False,True
H2 pipeline BA -> ME0-2040,H2 pipeline,0.0,0.0,inf,False,True
H2 pipeline BA -> RS-2040,H2 pipeline,0.0,0.0,inf,False,True
H2 pipeline BE1+1 -> FRE-2040,H2 pipeline,0.0,0.0,inf,False,True
H2 pipeline BE1+1 -> GBJ-2040,H2 pipeline,0.0,0.0,inf,False,True
H2 pipeline BE3 -> FRF-2040,H2 pipeline,0.0,0.0,inf,False,True
H2 pipeline BE3 -> LU0-2040,H2 pipeline,0.0,0.0,inf,False,True
H2 pipeline BG -> MK0-2040,H2 pipeline,0.0,0.0,inf,False,True
H2 pipeline BG -> RO-2040,H2 pipeline,0.0,0.0,inf,False,True
H2 pipeline BG -> RS-2040,H2 pipeline,0.0,0.0,inf,False,True
H2 pipeline CH0 -> DE1-2040,H2 pipeline,0.0,0.0,inf,False,True
H2 pipeline CH0 -> FRC-2040,H2 pipeline,0.0,0.0,inf,False,True
H2 pipeline CH0 -> FRF-2040,H2 pipeline,0.0,0.0,inf,False,True
H2 pipeline CH0 -> FRK-2040,H2 pipeline,0.0,0.0,inf,False,True
H2 pipeline CH0 -> ITC-2040,H2 pipeline,0.0,0.0,inf,False,True
H2 pipeline CZ0 -> PL2-2040,H2 pipeline,0.0,0.0,inf,False,True
H2 pipeline CZ0 -> PL5-2040,H2 pipeline,0.0,0.0,inf,False,True
H2 pipeline DE1 -> DE2-2040,H2 pipeline,0.05130176215634108,0.0,inf,True,True
H2 pipeline DE1 -> DE9-2040,H2 pipeline,0.004721350657531161,0.0,inf,True,True
H2 pipeline DE1 -> DEA-2040,H2 pipeline,0.004717881040173944,0.0,inf,True,True
H2 pipeline DE1 -> DEF-2040,H2 pipeline,0.0031356659117206085,0.0,inf,True,True
H2 pipeline DE2 -> DE8-2040,H2 pipeline,0.004245986798048919,0.0,inf,True,True
H2 pipeline DE2 -> DED-2040,H2 pipeline,0.014336437464380763,0.0,inf,True,True
H2 pipeline DE2 -> DEE-2040,H2 pipeline,0.025455593124364493,0.0,inf,True,True
H2 pipeline DE2 -> DEF-2040,H2 pipeline,0.00761056521487256,0.0,inf,True,True
H2 pipeline DE2 -> DEG-2040,H2 pipeline,0.021324005258571713,0.0,inf,True,True
H2 pipeline DE4 -> DEE-2040,H2 pipeline,0.03428786439677178,0.0,inf,True,True
H2 pipeline DE7 -> DE9-2040,H2 pipeline,1284.9260118083464,0.0,inf,True,True
H2 pipeline DE7 -> DEA-2040,H2 pipeline,0.02192287090357923,0.0,inf,True,True
H2 pipeline DE7 -> DEG-2040,H2 pipeline,0.0352989852229502,0.0,inf,True,True
H2 pipeline DE8 -> DEE-2040,H2 pipeline,0.007428447515990525,0.0,inf,True,True
H2 pipeline DE8 -> DEF-2040,H2 pipeline,8342.522512570924,0.0,inf,True,True
H2 pipeline DE8 -> DK0-2040,H2 pipeline,0.0,0.0,inf,False,True
H2 pipeline DE8 -> SE2-2040,H2 pipeline,0.0,0.0,inf,False,True
H2 pipeline DE9 -> DED-2040,H2 pipeline,5632.939904072397,0.0,inf,True,True
H2 pipeline DE9 -> DEE-2040,H2 pipeline,42.357989565588326,0.0,inf,True,True
H2 pipeline DE9 -> GBJ-2040,H2 pipeline,0.0,0.0,inf,False,True
H2 pipeline DEA -> DEF-2040,H2 pipeline,0.006928922901635333,0.0,inf,True,True
H2 pipeline DEA -> FRF-2040,H2 pipeline,0.0,0.0,inf,False,True
H2 pipeline DEA -> NL2-2040,H2 pipeline,0.0,0.0,inf,False,True
H2 pipeline DEB -> LU0-2040,H2 pipeline,0.0,0.0,inf,False,True
H2 pipeline DED -> DEG-2040,H2 pipeline,0.018700488269971713,0.0,inf,True,True
H2 pipeline DED -> PL5-2040,H2 pipeline,0.0,0.0,inf,False,True
H2 pipeline DEE -> DEG-2040,H2 pipeline,0.0583074199925183,0.0,inf,True,True
H2 pipeline DEF -> NO09-2040,H2 pipeline,0.0,0.0,inf,False,True
H2 pipeline DEF -> SE2-2040,H2 pipeline,0.0,0.0,inf,False,True
H2 pipeline DK0 -> GBF-2040,H2 pipeline,0.0,0.0,inf,False,True
H2 pipeline DK0 -> NL1-2040,H2 pipeline,0.0,0.0,inf,False,True
H2 pipeline DK0 -> NO09-2040,H2 pipeline,0.0,0.0,inf,False,True
H2 pipeline DK0 -> SE2-2040,H2 pipeline,0.0,0.0,inf,False,True
H2 pipeline EE0 -> FI1C-2040,H2 pipeline,0.0,0.0,inf,False,True
H2 pipeline ES1 -> PT1-2040,H2 pipeline,0.0,0.0,inf,False,True
H2 pipeline ES2 -> FRI-2040,H2 pipeline,0.0,0.0,inf,False,True
H2 pipeline ES2 -> FRJ-2040,H2 pipeline,0.0,0.0,inf,False,True
H2 pipeline ES4 -> ES5-2040,H2 pipeline,0.00289678788673793,0.0,inf,True,True
H2 pipeline ES5 -> FRJ-2040,H2 pipeline,0.0,0.0,inf,False,True
H2 pipeline ES6 -> PT1-2040,H2 pipeline,0.0,0.0,inf,False,True
H2 pipeline FI19 -> FI1B-2040,H2 pipeline,0.00896553306889351,0.0,inf,True,True
H2 pipeline FI19 -> SE1-2040,H2 pipeline,0.0,0.0,inf,False,True
H2 pipeline FI19 -> SE3-2040,H2 pipeline,0.0,0.0,inf,False,True
H2 pipeline FI1C -> FI1D-2040,H2 pipeline,0.002253281937539896,0.0,inf,True,True
H2 pipeline FI1D -> NO07-2040,H2 pipeline,0.0,0.0,inf,False,True
H2 pipeline FR1 -> FRB-2040,H2 pipeline,0.03662959376049742,0.0,inf,True,True
H2 pipeline FR1 -> FRC-2040,H2 pipeline,3440.3724210069577,0.0,inf,True,True
H2 pipeline FR1 -> FRD-2040,H2 pipeline,5914.642228060096,0.0,inf,True,True
H2 pipeline FR1 -> FRF-2040,H2 pipeline,1009.9605185190964,0.0,inf,True,True
H2 pipeline FRB -> FRC-2040,H2 pipeline,5218.4452066197555,0.0,inf,True,True
H2 pipeline FRB -> FRG-2040,H2 pipeline,5220.03997398799,0.0,inf,True,True
H2 pipeline FRB -> FRI-2040,H2 pipeline,0.01798711983399047,0.0,inf,True,True
H2 pipeline FRB -> FRJ-2040,H2 pipeline,0.01683062034589118,0.0,inf,True,True
H2 pipeline FRB -> FRK-2040,H2 pipeline,1.5155598590343127,0.0,inf,True,True
H2 pipeline FRD -> FRE-2040,H2 pipeline,0.05880403651160679,0.0,inf,True,True
H2 pipeline FRD -> FRG-2040,H2 pipeline,0.025895177251665884,0.0,inf,True,True
H2 pipeline FRD -> FRH-2040,H2 pipeline,1823.3865306251396,0.0,inf,True,True
H2 pipeline FRD -> GBJ-2040,H2 pipeline,0.0,0.0,inf,False,True
H2 pipeline FRE -> GBJ-2040,H2 pipeline,0.0,0.0,inf,False,True
H2 pipeline FRF -> LU0-2040,H2 pipeline,0.0,0.0,inf,False,True
H2 pipeline FRG -> FRH-2040,H2 pipeline,5551.417765620081,0.0,inf,True,True
H2 pipeline FRG -> FRI-2040,H2 pipeline,331.3273433860114,0.0,inf,True,True
H2 pipeline FRH -> IE0-2040,H2 pipeline,0.0,0.0,inf,False,True
H2 pipeline FRI -> FRJ-2040,H2 pipeline,329.2230585733808,0.0,inf,True,True
H2 pipeline FRI -> FRK-2040,H2 pipeline,0.013369519694999624,0.0,inf,True,True
H2 pipeline FRJ -> FRK-2040,H2 pipeline,0.01250734711433289,0.0,inf,True,True
H2 pipeline FRJ -> FRL-2040,H2 pipeline,554.5913206953213,0.0,inf,True,True
H2 pipeline FRK -> ITC-2040,H2 pipeline,0.0,0.0,inf,False,True
H2 pipeline FRL -> ITC-2040,H2 pipeline,0.0,0.0,inf,False,True
H2 pipeline FRM -> ITG2-2040,H2 pipeline,0.0,0.0,inf,False,True
H2 pipeline FRM -> ITI-2040,H2 pipeline,0.0,0.0,inf,False,True
H2 pipeline GBC -> GBD-2040,H2 pipeline,390.909663357401,0.0,inf,True,True
H2 pipeline GBC -> GBE-2040,H2 pipeline,498.34726846349656,0.0,inf,True,True
H2 pipeline GBC -> GBM-2040,H2 pipeline,145.80764674511352,0.0,inf,True,True
H2 pipeline GBC -> NO0A-2040,H2 pipeline,0.0,0.0,inf,False,True
H2 pipeline GBD -> GBE-2040,H2 pipeline,27.933282126191806,0.0,inf,True,True
H2 pipeline GBD -> GBG-2040,H2 pipeline,14.029714594620895,0.0,inf,True,True
H2 pipeline GBD -> GBL-2040,H2 pipeline,354.57007582067826,0.0,inf,True,True
H2 pipeline GBD -> GBM-2040,H2 pipeline,540.5577691303221,0.0,inf,True,True
H2 pipeline GBE -> GBF-2040,H2 pipeline,282.36120780556007,0.0,inf,True,True
H2 pipeline GBE -> GBH-2040,H2 pipeline,0.26581147420553103,0.0,inf,True,True
H2 pipeline GBF -> GBG-2040,H2 pipeline,42.659448847857746,0.0,inf,True,True
H2 pipeline GBF -> GBH-2040,H2 pipeline,351.35286674940676,0.0,inf,True,True
H2 pipeline GBF -> GBJ-2040,H2 pipeline,0.04429418625657588,0.0,inf,True,True
H2 pipeline GBG -> GBK-2040,H2 pipeline,0.02058355297766442,0.0,inf,True,True
H2 pipeline GBG -> GBL-2040,H2 pipeline,27.58784083911165,0.0,inf,True,True
H2 pipeline GBH -> GBJ-2040,H2 pipeline,287.0253821122052,0.0,inf,True,True
H2 pipeline GBJ -> GBK-2040,H2 pipeline,1476.8066757687045,0.0,inf,True,True
H2 pipeline GBJ -> NL3-2040,H2 pipeline,0.0,0.0,inf,False,True
H2 pipeline GBK -> GBL-2040,H2 pipeline,630.9218100866512,0.0,inf,True,True
H2 pipeline GBL -> GBM-2040,H2 pipeline,0.011176876236368717,0.0,inf,True,True
H2 pipeline GBL -> IE0-2040,H2 pipeline,0.0,0.0,inf,False,True
H2 pipeline GBM -> GBN-2040,H2 pipeline,535.0468345169803,0.0,inf,True,True
H2 pipeline GBN -> IE0-2040,H2 pipeline,0.0,0.0,inf,False,True
H2 pipeline GR5 -> ITF-2040,H2 pipeline,0.0,0.0,inf,False,True
H2 pipeline GR5 -> MK0-2040,H2 pipeline,0.0,0.0,inf,False,True
H2 pipeline HR -> HU-2040,H2 pipeline,0.0,0.0,inf,False,True
H2 pipeline HR -> RS-2040,H2 pipeline,0.0,0.0,inf,False,True
H2 pipeline HR -> SI0-2040,H2 pipeline,0.0,0.0,inf,False,True
H2 pipeline HU -> RO-2040,H2 pipeline,0.0,0.0,inf,False,True
H2 pipeline HU -> RS-2040,H2 pipeline,0.0,0.0,inf,False,True
H2 pipeline HU -> SI0-2040,H2 pipeline,0.0,0.0,inf,False,True
H2 pipeline HU -> SK0-2040,H2 pipeline,0.0,0.0,inf,False,True
H2 pipeline ITC -> ITH-2040,H2 pipeline,1.474365842782755,0.0,inf,True,True
H2 pipeline ITC -> ITI-2040,H2 pipeline,0.05120187483389142,0.0,inf,True,True
H2 pipeline ITF -> ME0-2040,H2 pipeline,0.0,0.0,inf,False,True
H2 pipeline ITG2 -> ITI-2040,H2 pipeline,1556.2985739007518,0.0,inf,True,True
H2 pipeline ITH -> SI0-2040,H2 pipeline,0.0,0.0,inf,False,True
H2 pipeline LT0 -> PL6-2040,H2 pipeline,0.0,0.0,inf,False,True
H2 pipeline LT0 -> SE2-2040,H2 pipeline,0.0,0.0,inf,False,True
H2 pipeline ME0 -> RS-2040,H2 pipeline,0.0,0.0,inf,False,True
H2 pipeline ME0 -> XK-2040,H2 pipeline,0.0,0.0,inf,False,True
H2 pipeline MK0 -> RS-2040,H2 pipeline,0.0,0.0,inf,False,True
H2 pipeline MK0 -> XK-2040,H2 pipeline,0.0,0.0,inf,False,True
H2 pipeline NL1 -> NO09-2040,H2 pipeline,0.0,0.0,inf,False,True
H2 pipeline NL2 -> NL3-2040,H2 pipeline,3871.0368970940985,0.0,inf,True,True
H2 pipeline NO02 -> NO08-2040,H2 pipeline,0.055221480323214396,0.0,inf,True,True
H2 pipeline NO02 -> NO0A-2040,H2 pipeline,62.958448205051916,0.0,inf,True,True
H2 pipeline NO06 -> NO07-2040,H2 pipeline,86.85898248740916,0.0,inf,True,True
H2 pipeline NO06 -> NO0A-2040,H2 pipeline,723.1904001635634,0.0,inf,True,True
H2 pipeline NO06 -> SE3-2040,H2 pipeline,0.0,0.0,inf,False,True
H2 pipeline NO07 -> SE3-2040,H2 pipeline,0.0,0.0,inf,False,True
H2 pipeline NO08 -> NO09-2040,H2 pipeline,0.02102882211284445,0.0,inf,True,True
H2 pipeline NO08 -> NO0A-2040,H2 pipeline,127.39468055038577,0.0,inf,True,True
H2 pipeline NO08 -> SE2-2040,H2 pipeline,0.0,0.0,inf,False,True
H2 pipeline NO08 -> SE3-2040,H2 pipeline,0.0,0.0,inf,False,True
H2 pipeline NO09 -> NO0A-2040,H2 pipeline,688.1648204347406,0.0,inf,True,True
H2 pipeline PL2 -> PL5-2040,H2 pipeline,0.17381490471023872,0.0,inf,True,True
H2 pipeline PL2 -> PL7-2040,H2 pipeline,0.23388422391709354,0.0,inf,True,True
H2 pipeline PL2 -> PL8-2040,H2 pipeline,504.026616766908,0.0,inf,True,True
H2 pipeline PL4 -> PL5-2040,H2 pipeline,1418.5497233535884,0.0,inf,True,True
H2 pipeline PL4 -> PL7-2040,H2 pipeline,0.03238265774093109,0.0,inf,True,True
H2 pipeline PL4 -> PL9-2040,H2 pipeline,0.004564128941139809,0.0,inf,True,True
H2 pipeline PL6 -> PL8-2040,H2 pipeline,0.00390643168527665,0.0,inf,True,True
H2 pipeline PL6 -> SE2-2040,H2 pipeline,0.0,0.0,inf,False,True
H2 pipeline PL7 -> PL8-2040,H2 pipeline,0.009738933356578836,0.0,inf,True,True
H2 pipeline PL7 -> PL9-2040,H2 pipeline,0.2654751444952852,0.0,inf,True,True
H2 pipeline PL8 -> SK0-2040,H2 pipeline,0.0,0.0,inf,False,True
H2 pipeline RO -> RS-2040,H2 pipeline,0.0,0.0,inf,False,True
H2 pipeline RS -> XK-2040,H2 pipeline,0.0,0.0,inf,False,True
H2 pipeline SE1 -> SE2-2040,H2 pipeline,1861.092039720758,0.0,inf,True,True
H2 pipeline SE1 -> SE3-2040,H2 pipeline,0.003347268976683334,0.0,inf,True,True
H2 pipeline SE2 -> SE3-2040,H2 pipeline,0.00234540843260622,0.0,inf,True,True
PCI-10.1.3,H2 pipeline,6261.0,6261.0,inf,False,True
PCI-10.1.2,H2 pipeline,7001.0,7001.0,inf,False,True
PCI-10.4-01,H2 pipeline,6267.0,6267.0,inf,False,True
PCI-9.5-01,H2 pipeline,3805.0,3805.0,inf,False,True
PCI-9.6-01,H2 pipeline,4003.0,4003.0,inf,False,True
PCI-9.5-02,H2 pipeline,3805.0,3805.0,inf,False,True
PCI-9.4-01,H2 pipeline,3778.0,3778.0,inf,False,True
PCI-9.5-03,H2 pipeline,3805.0,3805.0,inf,False,True
PCI-10.3.1-01,H2 pipeline,3424.0,3424.0,inf,False,True
PCI-10.2.1+1,H2 pipeline,12262.0,12262.0,inf,False,True
PCI-10.2.1,H2 pipeline,5995.0,5995.0,inf,False,True
PCI-10.4-02,H2 pipeline,6267.0,6267.0,inf,False,True
PCI-9.4-02,H2 pipeline,3778.0,3778.0,inf,False,True
PCI-9.4-03,H2 pipeline,3778.0,3778.0,inf,False,True
PCI-9.2.1,H2 pipeline,507.0,507.0,inf,False,True
PCI-9.1.6-01,H2 pipeline,8057.0,8057.0,inf,False,True
PCI-10.2.2-01,H2 pipeline,10056.0,10056.0,inf,False,True
PCI-10.2.2-02,H2 pipeline,10056.0,10056.0,inf,False,True
PCI-11.2-01,H2 pipeline,8281.0,8281.0,inf,False,True
PCI-9.1.6+1-01,H2 pipeline,11835.0,11835.0,inf,False,True
PCI-11.3-01,H2 pipeline,20546.0,20546.0,inf,False,True
PCI-9.7.1+1,H2 pipeline,3532.0,3532.0,inf,False,True
PCI-9.9.1,H2 pipeline,10146.0,10146.0,inf,False,True
PCI-9.6+1-01,H2 pipeline,5297.0,5297.0,inf,False,True
PCI-9.25-01,H2 pipeline,15219.0,15219.0,inf,False,True
PCI-9.4+1,H2 pipeline,13536.0,13536.0,inf,False,True
PCI-9.7.3,H2 pipeline,9758.0,9758.0,inf,False,True
PCI-9.1.6-02,H2 pipeline,8057.0,8057.0,inf,False,True
PCI-9.1.6+1-02,H2 pipeline,8818.0,8818.0,inf,False,True
PCI-9.9.2,H2 pipeline,2489.0,2489.0,inf,False,True
PCI-11.2-02,H2 pipeline,8281.0,8281.0,inf,False,True
PCI-11.2-03,H2 pipeline,8281.0,8281.0,inf,False,True
PCI-9.1.3-01,H2 pipeline,13429.0,13429.0,inf,False,True
PCI-9.1.3-02,H2 pipeline,13429.0,13429.0,inf,False,True
PCI-9.1.3-03,H2 pipeline,13429.0,13429.0,inf,False,True
PCI-9.1.3-04,H2 pipeline,13429.0,13429.0,inf,False,True
PCI-9.1.3-05,H2 pipeline,13429.0,13429.0,inf,False,True
PCI-9.1.2,H2 pipeline,3357.0,3357.0,inf,False,True
PCI-9.1.3-06,H2 pipeline,13429.0,13429.0,inf,False,True
PCI-9.1.4,H2 pipeline,8952.0,8952.0,inf,False,True
PCI-11.2-04,H2 pipeline,8281.0,8281.0,inf,False,True
PCI-11.1-01,H2 pipeline,18601.0,18601.0,inf,False,True
PCI-11.2-05,H2 pipeline,8281.0,8281.0,inf,False,True
PCI-11.3-02,H2 pipeline,20546.0,20546.0,inf,False,True
PCI-11.1-02,H2 pipeline,18601.0,18601.0,inf,False,True
PCI-9.3-01,H2 pipeline,5073.0,5073.0,inf,False,True
PCI-9.1.5-01,H2 pipeline,8952.0,8952.0,inf,False,True
PCI-9.1.5-02,H2 pipeline,8952.0,8952.0,inf,False,True
PCI-9.3-02,H2 pipeline,5073.0,5073.0,inf,False,True
PCI-9.1.5-03,H2 pipeline,8952.0,8952.0,inf,False,True
PCI-10.3.1-02,H2 pipeline,3424.0,3424.0,inf,False,True
PCI-10.3.1-03,H2 pipeline,3424.0,3424.0,inf,False,True
PCI-10.1.1-01,H2 pipeline,18601.0,18601.0,inf,False,True
PCI-10.1.1-02,H2 pipeline,18601.0,18601.0,inf,False,True
PCI-10.1.1-03,H2 pipeline,18601.0,18601.0,inf,False,True
PCI-11.2-06,H2 pipeline,8281.0,8281.0,inf,False,True
PCI-11.2-07,H2 pipeline,8281.0,8281.0,inf,False,True
PCI-9.6-02,H2 pipeline,4003.0,4003.0,inf,False,True
PCI-9.6-03,H2 pipeline,4003.0,4003.0,inf,False,True
PCI-9.6+1-02,H2 pipeline,13761.0,13761.0,inf,False,True
PCI-9.25-02,H2 pipeline,15219.0,15219.0,inf,False,True
PCI-11.3-03,H2 pipeline,20546.0,20546.0,inf,False,True
PCI-11.3-04,H2 pipeline,20546.0,20546.0,inf,False,True
PCI-11.3-05,H2 pipeline,20546.0,20546.0,inf,False,True
PCI-11.2-08,H2 pipeline,8281.0,8281.0,inf,False,True
PCI-11.2-10,H2 pipeline,8281.0,8281.0,inf,False,True
PCI-11.2-11,H2 pipeline,8281.0,8281.0,inf,False,True
CO2 pipeline AL0 -> GR5-2040,CO2 pipeline,0.0,0.0,inf,False,True
CO2 pipeline AL0 -> ME0-2040,CO2 pipeline,0.0,0.0,inf,False,True
CO2 pipeline AL0 -> MK0-2040,CO2 pipeline,0.0,0.0,inf,False,True
CO2 pipeline AL0 -> XK-2040,CO2 pipeline,0.0,0.0,inf,False,True
CO2 pipeline AT -> CH0-2040,CO2 pipeline,0.0,0.0,inf,False,True
CO2 pipeline AT -> CZ0-2040,CO2 pipeline,0.0,0.0,inf,False,True
CO2 pipeline AT -> DE1-2040,CO2 pipeline,0.0,0.0,inf,False,True
CO2 pipeline AT -> DE2-2040,CO2 pipeline,0.0,0.0,inf,False,True
CO2 pipeline AT -> HU-2040,CO2 pipeline,0.0,0.0,inf,False,True
CO2 pipeline AT -> ITH-2040,CO2 pipeline,0.0,0.0,inf,False,True
CO2 pipeline AT -> SI0-2040,CO2 pipeline,0.0,0.0,inf,False,True
CO2 pipeline BA -> HR-2040,CO2 pipeline,0.0,0.0,inf,False,True
CO2 pipeline BA -> ME0-2040,CO2 pipeline,0.0,0.0,inf,False,True
CO2 pipeline BA -> RS-2040,CO2 pipeline,0.0,0.0,inf,False,True
CO2 pipeline BE1+1 -> FRE-2040,CO2 pipeline,0.0,0.0,inf,False,True
CO2 pipeline BE1+1 -> GBJ-2040,CO2 pipeline,0.0,0.0,inf,False,True
CO2 pipeline BE1+1 -> NL4-2040,CO2 pipeline,0.0,0.0,inf,False,True
CO2 pipeline BE3 -> DEA-2040,CO2 pipeline,0.0,0.0,inf,False,True
CO2 pipeline BE3 -> FRF-2040,CO2 pipeline,0.0,0.0,inf,False,True
CO2 pipeline BE3 -> LU0-2040,CO2 pipeline,0.0,0.0,inf,False,True
CO2 pipeline BG -> GR5-2040,CO2 pipeline,0.0,0.0,inf,False,True
CO2 pipeline BG -> MK0-2040,CO2 pipeline,0.0,0.0,inf,False,True
CO2 pipeline BG -> RO-2040,CO2 pipeline,0.0,0.0,inf,False,True
CO2 pipeline BG -> RS-2040,CO2 pipeline,0.0,0.0,inf,False,True
CO2 pipeline CH0 -> DE1-2040,CO2 pipeline,0.0,0.0,inf,False,True
CO2 pipeline CH0 -> FRC-2040,CO2 pipeline,0.0,0.0,inf,False,True
CO2 pipeline CH0 -> FRF-2040,CO2 pipeline,0.0,0.0,inf,False,True
CO2 pipeline CH0 -> FRK-2040,CO2 pipeline,0.0,0.0,inf,False,True
CO2 pipeline CH0 -> ITC-2040,CO2 pipeline,0.0,0.0,inf,False,True
CO2 pipeline CZ0 -> DE2-2040,CO2 pipeline,0.0,0.0,inf,False,True
CO2 pipeline CZ0 -> DED-2040,CO2 pipeline,0.0,0.0,inf,False,True
CO2 pipeline CZ0 -> PL2-2040,CO2 pipeline,0.0,0.0,inf,False,True
CO2 pipeline CZ0 -> PL5-2040,CO2 pipeline,0.0,0.0,inf,False,True
CO2 pipeline CZ0 -> SK0-2040,CO2 pipeline,0.0,0.0,inf,False,True
CO2 pipeline DE1 -> DE2-2040,CO2 pipeline,176.24894082398959,0.0,inf,True,True
CO2 pipeline DE1 -> DE7-2040,CO2 pipeline,0.0005185001969238844,0.0,inf,True,True
CO2 pipeline DE1 -> DE9-2040,CO2 pipeline,0.00029011257599868243,0.0,inf,True,True
CO2 pipeline DE1 -> DEA-2040,CO2 pipeline,0.00038253991077364714,0.0,inf,True,True
CO2 pipeline DE1 -> DEB-2040,CO2 pipeline,0.0008564902467335652,0.0,inf,True,True
CO2 pipeline DE1 -> DEF-2040,CO2 pipeline,0.00020273475404426555,0.0,inf,True,True
CO2 pipeline DE1 -> FRF-2040,CO2 pipeline,0.0,0.0,inf,False,True
CO2 pipeline DE2 -> DE7-2040,CO2 pipeline,0.0015954119302952607,0.0,inf,True,True
CO2 pipeline DE2 -> DE8-2040,CO2 pipeline,0.0002471495449103475,0.0,inf,True,True
CO2 pipeline DE2 -> DED-2040,CO2 pipeline,0.0006527431962264563,0.0,inf,True,True
CO2 pipeline DE2 -> DEE-2040,CO2 pipeline,301.50668199530395,0.0,inf,True,True
CO2 pipeline DE2 -> DEF-2040,CO2 pipeline,0.00037991056896875206,0.0,inf,True,True
CO2 pipeline DE2 -> DEG-2040,CO2 pipeline,21.407240362935887,0.0,inf,True,True
CO2 pipeline DE4 -> DE8-2040,CO2 pipeline,0.0012749596701478799,0.0,inf,True,True
CO2 pipeline DE4 -> DED-2040,CO2 pipeline,0.0011080744106841177,0.0,inf,True,True
CO2 pipeline DE4 -> DEE-2040,CO2 pipeline,6.741995680984307,0.0,inf,True,True
CO2 pipeline DE4 -> PL4-2040,CO2 pipeline,0.0,0.0,inf,False,True
CO2 pipeline DE7 -> DE9-2040,CO2 pipeline,0.0011375202068581451,0.0,inf,True,True
CO2 pipeline DE7 -> DEA-2040,CO2 pipeline,0.001559883668565694,0.0,inf,True,True
CO2 pipeline DE7 -> DEB-2040,CO2 pipeline,0.0014235582961931064,0.0,inf,True,True
CO2 pipeline DE7 -> DEG-2040,CO2 pipeline,0.001106509619600359,0.0,inf,True,True
CO2 pipeline DE8 -> DEE-2040,CO2 pipeline,0.0007518553565684836,0.0,inf,True,True
CO2 pipeline DE8 -> DEF-2040,CO2 pipeline,16.511533034306726,0.0,inf,True,True
CO2 pipeline DE8 -> DK0-2040,CO2 pipeline,0.0,0.0,inf,False,True
CO2 pipeline DE8 -> SE2-2040,CO2 pipeline,0.0,0.0,inf,False,True
CO2 pipeline DE9 -> DEA-2040,CO2 pipeline,0.0007662021434561312,0.0,inf,True,True
CO2 pipeline DE9 -> DED-2040,CO2 pipeline,0.002356135879461931,0.0,inf,True,True
CO2 pipeline DE9 -> GBJ-2040,CO2 pipeline,0.0,0.0,inf,False,True
CO2 pipeline DE9 -> NL1-2040,CO2 pipeline,0.0,0.0,inf,False,True
CO2 pipeline DEA -> DEF-2040,CO2 pipeline,0.00037641818874722705,0.0,inf,True,True
CO2 pipeline DEA -> FRF-2040,CO2 pipeline,0.0,0.0,inf,False,True
CO2 pipeline DEA -> NL2-2040,CO2 pipeline,0.0,0.0,inf,False,True
CO2 pipeline DEA -> NL4-2040,CO2 pipeline,0.0,0.0,inf,False,True
CO2 pipeline DEB -> DEC-2040,CO2 pipeline,0.0022949195500772557,0.0,inf,True,True
CO2 pipeline DEB -> LU0-2040,CO2 pipeline,0.0,0.0,inf,False,True
CO2 pipeline DEC -> FRF-2040,CO2 pipeline,0.0,0.0,inf,False,True
CO2 pipeline DED -> DEG-2040,CO2 pipeline,0.0015094949825798427,0.0,inf,True,True
CO2 pipeline DED -> PL5-2040,CO2 pipeline,0.0,0.0,inf,False,True
CO2 pipeline DEE -> DEG-2040,CO2 pipeline,0.004658467644247986,0.0,inf,True,True
CO2 pipeline DEF -> NO09-2040,CO2 pipeline,0.0,0.0,inf,False,True
CO2 pipeline DEF -> SE2-2040,CO2 pipeline,0.0,0.0,inf,False,True
CO2 pipeline DK0 -> GBF-2040,CO2 pipeline,0.0,0.0,inf,False,True
CO2 pipeline DK0 -> NL1-2040,CO2 pipeline,0.0,0.0,inf,False,True
CO2 pipeline DK0 -> NO09-2040,CO2 pipeline,0.0,0.0,inf,False,True
CO2 pipeline DK0 -> SE2-2040,CO2 pipeline,0.0,0.0,inf,False,True
CO2 pipeline EE0 -> FI1B-2040,CO2 pipeline,0.0,0.0,inf,False,True
CO2 pipeline EE0 -> FI1C-2040,CO2 pipeline,0.0,0.0,inf,False,True
CO2 pipeline EE0 -> LV0-2040,CO2 pipeline,0.0,0.0,inf,False,True
CO2 pipeline ES1 -> ES2-2040,CO2 pipeline,0.8622064854335186,0.0,inf,True,True
CO2 pipeline ES1 -> ES4-2040,CO2 pipeline,0.0006239697787830258,0.0,inf,True,True
CO2 pipeline ES1 -> PT1-2040,CO2 pipeline,0.0,0.0,inf,False,True
CO2 pipeline ES2 -> ES4-2040,CO2 pipeline,0.004542760238841772,0.0,inf,True,True
CO2 pipeline ES2 -> ES5-2040,CO2 pipeline,149.6736861856575,0.0,inf,True,True
CO2 pipeline ES2 -> FRJ-2040,CO2 pipeline,0.0,0.0,inf,False,True
CO2 pipeline ES4 -> ES5-2040,CO2 pipeline,0.00028549671964863945,0.0,inf,True,True
CO2 pipeline ES4 -> ES6-2040,CO2 pipeline,0.003039545658256773,0.0,inf,True,True
CO2 pipeline ES4 -> PT1-2040,CO2 pipeline,0.0,0.0,inf,False,True
CO2 pipeline ES5 -> ES6-2040,CO2 pipeline,0.000274695963746669,0.0,inf,True,True
CO2 pipeline ES5 -> FRJ-2040,CO2 pipeline,0.0,0.0,inf,False,True
CO2 pipeline ES6 -> PT1-2040,CO2 pipeline,0.0,0.0,inf,False,True
CO2 pipeline FI19 -> FI1B-2040,CO2 pipeline,0.0006744370135868331,0.0,inf,True,True
CO2 pipeline FI19 -> FI1C-2040,CO2 pipeline,0.011370667449187289,0.0,inf,True,True
CO2 pipeline FI19 -> FI1D-2040,CO2 pipeline,0.00019575921706257638,0.0,inf,True,True
CO2 pipeline FI19 -> SE1-2040,CO2 pipeline,0.0,0.0,inf,False,True
CO2 pipeline FI19 -> SE3-2040,CO2 pipeline,0.0,0.0,inf,False,True
CO2 pipeline FI1B -> FI1C-2040,CO2 pipeline,16.35611936584932,0.0,inf,True,True
CO2 pipeline FI1C -> FI1D-2040,CO2 pipeline,0.00018978925301140235,0.0,inf,True,True
CO2 pipeline FI1D -> NO07-2040,CO2 pipeline,0.0,0.0,inf,False,True
CO2 pipeline FI1D -> SE3-2040,CO2 pipeline,0.0,0.0,inf,False,True
CO2 pipeline FR1 -> FRB-2040,CO2 pipeline,0.0011822273436499346,0.0,inf,True,True
CO2 pipeline FR1 -> FRC-2040,CO2 pipeline,0.0018336114187470329,0.0,inf,True,True
CO2 pipeline FR1 -> FRD-2040,CO2 pipeline,0.0031506873350908974,0.0,inf,True,True
CO2 pipeline FR1 -> FRE-2040,CO2 pipeline,0.01062374140397921,0.0,inf,True,True
CO2 pipeline FR1 -> FRF-2040,CO2 pipeline,0.04240218396509086,0.0,inf,True,True
CO2 pipeline FRB -> FRC-2040,CO2 pipeline,82.62391328805946,0.0,inf,True,True
CO2 pipeline FRB -> FRG-2040,CO2 pipeline,194.59278453356131,0.0,inf,True,True
CO2 pipeline FRB -> FRI-2040,CO2 pipeline,0.002883443402155387,0.0,inf,True,True
CO2 pipeline FRB -> FRJ-2040,CO2 pipeline,0.0003861434462011342,0.0,inf,True,True
CO2 pipeline FRB -> FRK-2040,CO2 pipeline,0.0013237918073456152,0.0,inf,True,True
CO2 pipeline FRC -> FRF-2040,CO2 pipeline,0.0012731198156659123,0.0,inf,True,True
CO2 pipeline FRC -> FRK-2040,CO2 pipeline,0.0014997352596299264,0.0,inf,True,True
CO2 pipeline FRD -> FRE-2040,CO2 pipeline,14.671663292917357,0.0,inf,True,True
CO2 pipeline FRD -> FRG-2040,CO2 pipeline,0.0012201522809261963,0.0,inf,True,True
CO2 pipeline FRD -> FRH-2040,CO2 pipeline,144.1538407615087,0.0,inf,True,True
CO2 pipeline FRD -> GBJ-2040,CO2 pipeline,0.0,0.0,inf,False,True
CO2 pipeline FRE -> FRF-2040,CO2 pipeline,0.001197625749973467,0.0,inf,True,True
CO2 pipeline FRE -> GBJ-2040,CO2 pipeline,0.0,0.0,inf,False,True
CO2 pipeline FRF -> LU0-2040,CO2 pipeline,0.0,0.0,inf,False,True
CO2 pipeline FRG -> FRH-2040,CO2 pipeline,775.927212921514,0.0,inf,True,True
CO2 pipeline FRG -> FRI-2040,CO2 pipeline,520.9705383752785,0.0,inf,True,True
CO2 pipeline FRH -> IE0-2040,CO2 pipeline,0.0,0.0,inf,False,True
CO2 pipeline FRI -> FRK-2040,CO2 pipeline,0.0009907214641471777,0.0,inf,True,True
CO2 pipeline FRJ -> FRK-2040,CO2 pipeline,0.0026802851287880255,0.0,inf,True,True
CO2 pipeline FRJ -> FRL-2040,CO2 pipeline,0.000879718448739021,0.0,inf,True,True
CO2 pipeline FRK -> ITC-2040,CO2 pipeline,0.0,0.0,inf,False,True
CO2 pipeline FRL -> ITC-2040,CO2 pipeline,0.0,0.0,inf,False,True
CO2 pipeline FRM -> ITG2-2040,CO2 pipeline,0.0,0.0,inf,False,True
CO2 pipeline FRM -> ITI-2040,CO2 pipeline,0.0,0.0,inf,False,True
CO2 pipeline GBC -> GBD-2040,CO2 pipeline,386.2720578740943,0.0,inf,True,True
CO2 pipeline GBC -> GBE-2040,CO2 pipeline,0.0014785145642566455,0.0,inf,True,True
CO2 pipeline GBC -> GBM-2040,CO2 pipeline,0.002160055173481997,0.0,inf,True,True
CO2 pipeline GBC -> NO0A-2040,CO2 pipeline,0.0,0.0,inf,False,True
CO2 pipeline GBD -> GBE-2040,CO2 pipeline,151.02272011230465,0.0,inf,True,True
CO2 pipeline GBD -> GBG-2040,CO2 pipeline,0.002781158396591622,0.0,inf,True,True
CO2 pipeline GBD -> GBL-2040,CO2 pipeline,0.00243386076068922,0.0,inf,True,True
CO2 pipeline GBD -> GBM-2040,CO2 pipeline,0.0006444624929660497,0.0,inf,True,True
CO2 pipeline GBE -> GBF-2040,CO2 pipeline,0.19621558338501816,0.0,inf,True,True
CO2 pipeline GBE -> GBH-2040,CO2 pipeline,0.0012346752707387354,0.0,inf,True,True
CO2 pipeline GBF -> GBG-2040,CO2 pipeline,510.5883794314535,0.0,inf,True,True
CO2 pipeline GBF -> GBH-2040,CO2 pipeline,0.4182581199052201,0.0,inf,True,True
CO2 pipeline GBF -> GBJ-2040,CO2 pipeline,0.0023641453520249506,0.0,inf,True,True
CO2 pipeline GBG -> GBK-2040,CO2 pipeline,0.00423234602546997,0.0,inf,True,True
CO2 pipeline GBG -> GBL-2040,CO2 pipeline,0.003135432421630621,0.0,inf,True,True
CO2 pipeline GBH -> GBJ-2040,CO2 pipeline,2599.9230241841465,0.0,inf,True,True
CO2 pipeline GBJ -> GBK-2040,CO2 pipeline,267.7549737658578,0.0,inf,True,True
CO2 pipeline GBJ -> NL3-2040,CO2 pipeline,0.0,0.0,inf,False,True
CO2 pipeline GBK -> GBL-2040,CO2 pipeline,14.71749686765714,0.0,inf,True,True
CO2 pipeline GBL -> GBM-2040,CO2 pipeline,0.00010333685677627051,0.0,inf,True,True
CO2 pipeline GBL -> IE0-2040,CO2 pipeline,0.0,0.0,inf,False,True
CO2 pipeline GBM -> GBN-2040,CO2 pipeline,7.9926273925523335,0.0,inf,True,True
CO2 pipeline GBN -> IE0-2040,CO2 pipeline,0.0,0.0,inf,False,True
CO2 pipeline GR4+1 -> GR5-2040,CO2 pipeline,41.71328504461077,0.0,inf,True,True
CO2 pipeline GR5 -> ITF-2040,CO2 pipeline,0.0,0.0,inf,False,True
CO2 pipeline GR5 -> MK0-2040,CO2 pipeline,0.0,0.0,inf,False,True
CO2 pipeline HR -> RS-2040,CO2 pipeline,0.0,0.0,inf,False,True
CO2 pipeline HR -> SI0-2040,CO2 pipeline,0.0,0.0,inf,False,True
CO2 pipeline HU -> RO-2040,CO2 pipeline,0.0,0.0,inf,False,True
CO2 pipeline HU -> RS-2040,CO2 pipeline,0.0,0.0,inf,False,True
CO2 pipeline HU -> SI0-2040,CO2 pipeline,0.0,0.0,inf,False,True
CO2 pipeline HU -> SK0-2040,CO2 pipeline,0.0,0.0,inf,False,True
CO2 pipeline ITC -> ITH-2040,CO2 pipeline,444.70903888716447,0.0,inf,True,True
CO2 pipeline ITC -> ITI-2040,CO2 pipeline,0.2934925090596733,0.0,inf,True,True
CO2 pipeline ITF -> ITG1-2040,CO2 pipeline,5.687840046076219,0.0,inf,True,True
CO2 pipeline ITF -> ITI-2040,CO2 pipeline,155.05113852668603,0.0,inf,True,True
CO2 pipeline ITF -> ME0-2040,CO2 pipeline,0.0,0.0,inf,False,True
CO2 pipeline ITG2 -> ITI-2040,CO2 pipeline,6.750920857372886,0.0,inf,True,True
CO2 pipeline ITH -> ITI-2040,CO2 pipeline,152.35194113698228,0.0,inf,True,True
CO2 pipeline ITH -> SI0-2040,CO2 pipeline,0.0,0.0,inf,False,True
CO2 pipeline LT0 -> LV0-2040,CO2 pipeline,0.0,0.0,inf,False,True
CO2 pipeline LT0 -> PL6-2040,CO2 pipeline,0.0,0.0,inf,False,True
CO2 pipeline LT0 -> SE2-2040,CO2 pipeline,0.0,0.0,inf,False,True
CO2 pipeline ME0 -> RS-2040,CO2 pipeline,0.0,0.0,inf,False,True
CO2 pipeline ME0 -> XK-2040,CO2 pipeline,0.0,0.0,inf,False,True
CO2 pipeline MK0 -> RS-2040,CO2 pipeline,0.0,0.0,inf,False,True
CO2 pipeline MK0 -> XK-2040,CO2 pipeline,0.0,0.0,inf,False,True
CO2 pipeline NL1 -> NL2-2040,CO2 pipeline,599.9372261444722,0.0,inf,True,True
CO2 pipeline NL1 -> NO09-2040,CO2 pipeline,0.0,0.0,inf,False,True
CO2 pipeline NL2 -> NL3-2040,CO2 pipeline,572.1197998788568,0.0,inf,True,True
CO2 pipeline NL2 -> NL4-2040,CO2 pipeline,239.5218619124624,0.0,inf,True,True
CO2 pipeline NO02 -> NO08-2040,CO2 pipeline,0.0035674699990281633,0.0,inf,True,True
CO2 pipeline NO02 -> NO0A-2040,CO2 pipeline,10.61290973614614,0.0,inf,True,True
CO2 pipeline NO06 -> NO07-2040,CO2 pipeline,284.9655454447602,0.0,inf,True,True
CO2 pipeline NO06 -> NO0A-2040,CO2 pipeline,357.5986555201661,0.0,inf,True,True
CO2 pipeline NO06 -> SE3-2040,CO2 pipeline,0.0,0.0,inf,False,True
CO2 pipeline NO07 -> SE3-2040,CO2 pipeline,0.0,0.0,inf,False,True
CO2 pipeline NO08 -> NO09-2040,CO2 pipeline,0.0016365852141474288,0.0,inf,True,True
CO2 pipeline NO08 -> NO0A-2040,CO2 pipeline,226.59446118769702,0.0,inf,True,True
CO2 pipeline NO08 -> SE2-2040,CO2 pipeline,0.0,0.0,inf,False,True
CO2 pipeline NO08 -> SE3-2040,CO2 pipeline,0.0,0.0,inf,False,True
CO2 pipeline NO09 -> NO0A-2040,CO2 pipeline,140.63984858551845,0.0,inf,True,True
CO2 pipeline PL2 -> PL5-2040,CO2 pipeline,216.94921762898946,0.0,inf,True,True
CO2 pipeline PL2 -> PL7-2040,CO2 pipeline,0.024844753820996546,0.0,inf,True,True
CO2 pipeline PL2 -> PL8-2040,CO2 pipeline,39.40974454886912,0.0,inf,True,True
CO2 pipeline PL4 -> PL5-2040,CO2 pipeline,198.2296628166522,0.0,inf,True,True
CO2 pipeline PL4 -> PL6-2040,CO2 pipeline,0.0005994231715545832,0.0,inf,True,True
CO2 pipeline PL4 -> PL7-2040,CO2 pipeline,0.0024768567751775523,0.0,inf,True,True
CO2 pipeline PL4 -> PL9-2040,CO2 pipeline,0.0004161739528652409,0.0,inf,True,True
CO2 pipeline PL6 -> PL8-2040,CO2 pipeline,0.00035086765117719554,0.0,inf,True,True
CO2 pipeline PL6 -> PL9-2040,CO2 pipeline,74.41054053076982,0.0,inf,True,True
CO2 pipeline PL6 -> SE2-2040,CO2 pipeline,0.0,0.0,inf,False,True
CO2 pipeline PL7 -> PL8-2040,CO2 pipeline,0.0007172141267178802,0.0,inf,True,True
CO2 pipeline PL7 -> PL9-2040,CO2 pipeline,539.7781351605255,0.0,inf,True,True
CO2 pipeline PL8 -> PL9-2040,CO2 pipeline,0.0009332235687927701,0.0,inf,True,True
CO2 pipeline PL8 -> SK0-2040,CO2 pipeline,0.0,0.0,inf,False,True
CO2 pipeline RO -> RS-2040,CO2 pipeline,0.0,0.0,inf,False,True
CO2 pipeline RS -> XK-2040,CO2 pipeline,0.0,0.0,inf,False,True
CO2 pipeline SE1 -> SE2-2040,CO2 pipeline,0.0005594278707947971,0.0,inf,True,True
CO2 pipeline SE1 -> SE3-2040,CO2 pipeline,0.0002585514072967304,0.0,inf,True,True
CO2 pipeline SE2 -> SE3-2040,CO2 pipeline,0.0001435170007191119,0.0,inf,True,True
PCI-13.8-01,CO2 pipeline,3567.0,3567.0,inf,False,True
PCI-13.1-01,CO2 pipeline,713.0,713.0,inf,False,True
PCI-13.8-02,CO2 pipeline,3567.0,3567.0,inf,False,True
PCI-13.4-01,CO2 pipeline,1498.0,1498.0,inf,False,True
PCI-13.4-02,CO2 pipeline,1498.0,1498.0,inf,False,True
PCI-13.8-03,CO2 pipeline,3567.0,3567.0,inf,False,True
PCI-13.7,CO2 pipeline,3139.0,3139.0,inf,False,True
PCI-13.4-03,CO2 pipeline,1498.0,1498.0,inf,False,True
PCI-13.4-04,CO2 pipeline,1498.0,1498.0,inf,False,True
PCI-13.12-01,CO2 pipeline,856.0,856.0,inf,False,True
PCI-13.12-02,CO2 pipeline,856.0,856.0,inf,False,True
PCI-13.5-01,CO2 pipeline,913.0,913.0,inf,False,True
PCI-13.11,CO2 pipeline,1427.0,1427.0,inf,False,True
PCI-13.9,CO2 pipeline,90.0,90.0,inf,False,True
PCI-13.5-02,CO2 pipeline,913.0,913.0,inf,False,True
PCI-13.1-02,CO2 pipeline,713.0,713.0,inf,False,True
PCI-13.1+1-01,CO2 pipeline,3852.0,3852.0,inf,False,True
PCI-13.13,CO2 pipeline,713.0,713.0,inf,False,True
PCI-13.1+1-02,CO2 pipeline,3852.0,3852.0,inf,False,True
PCI-13.8-04,CO2 pipeline,3567.0,3567.0,inf,False,True
H2 pipeline AL0 -> GR5-reversed-2040,H2 pipeline,0.0,0.0,inf,False,True
H2 pipeline AL0 -> ME0-reversed-2040,H2 pipeline,0.0,0.0,inf,False,True
H2 pipeline AL0 -> MK0-reversed-2040,H2 pipeline,0.0,0.0,inf,False,True
H2 pipeline AL0 -> XK-reversed-2040,H2 pipeline,0.0,0.0,inf,False,True
H2 pipeline AT -> CH0-reversed-2040,H2 pipeline,0.0,0.0,inf,False,True
H2 pipeline AT -> CZ0-reversed-2040,H2 pipeline,0.0,0.0,inf,False,True
H2 pipeline AT -> DE1-reversed-2040,H2 pipeline,0.0,0.0,inf,False,True
H2 pipeline AT -> HU-reversed-2040,H2 pipeline,0.0,0.0,inf,False,True
H2 pipeline AT -> SI0-reversed-2040,H2 pipeline,0.0,0.0,inf,False,True
H2 pipeline BA -> HR-reversed-2040,H2 pipeline,0.0,0.0,inf,False,True
H2 pipeline BA -> ME0-reversed-2040,H2 pipeline,0.0,0.0,inf,False,True
H2 pipeline BA -> RS-reversed-2040,H2 pipeline,0.0,0.0,inf,False,True
H2 pipeline BE1+1 -> FRE-reversed-2040,H2 pipeline,0.0,0.0,inf,False,True
H2 pipeline BE1+1 -> GBJ-reversed-2040,H2 pipeline,0.0,0.0,inf,False,True
H2 pipeline BE3 -> FRF-reversed-2040,H2 pipeline,0.0,0.0,inf,False,True
H2 pipeline BE3 -> LU0-reversed-2040,H2 pipeline,0.0,0.0,inf,False,True
H2 pipeline BG -> MK0-reversed-2040,H2 pipeline,0.0,0.0,inf,False,True
H2 pipeline BG -> RO-reversed-2040,H2 pipeline,0.0,0.0,inf,False,True
H2 pipeline BG -> RS-reversed-2040,H2 pipeline,0.0,0.0,inf,False,True
H2 pipeline CH0 -> DE1-reversed-2040,H2 pipeline,0.0,0.0,inf,False,True
H2 pipeline CH0 -> FRC-reversed-2040,H2 pipeline,0.0,0.0,inf,False,True
H2 pipeline CH0 -> FRF-reversed-2040,H2 pipeline,0.0,0.0,inf,False,True
H2 pipeline CH0 -> FRK-reversed-2040,H2 pipeline,0.0,0.0,inf,False,True
H2 pipeline CH0 -> ITC-reversed-2040,H2 pipeline,0.0,0.0,inf,False,True
H2 pipeline CZ0 -> PL2-reversed-2040,H2 pipeline,0.0,0.0,inf,False,True
H2 pipeline CZ0 -> PL5-reversed-2040,H2 pipeline,0.0,0.0,inf,False,True
H2 pipeline DE1 -> DE2-reversed-2040,H2 pipeline,0.05130176215634108,0.0,inf,True,True
H2 pipeline DE1 -> DE9-reversed-2040,H2 pipeline,0.004721350657531161,0.0,inf,True,True
H2 pipeline DE1 -> DEA-reversed-2040,H2 pipeline,0.004717881040173944,0.0,inf,True,True
H2 pipeline DE1 -> DEF-reversed-2040,H2 pipeline,0.0031356659117206085,0.0,inf,True,True
H2 pipeline DE2 -> DE8-reversed-2040,H2 pipeline,0.004245986798048919,0.0,inf,True,True
H2 pipeline DE2 -> DED-reversed-2040,H2 pipeline,0.014336437464380763,0.0,inf,True,True
H2 pipeline DE2 -> DEE-reversed-2040,H2 pipeline,0.025455593124364493,0.0,inf,True,True
H2 pipeline DE2 -> DEF-reversed-2040,H2 pipeline,0.00761056521487256,0.0,inf,True,True
H2 pipeline DE2 -> DEG-reversed-2040,H2 pipeline,0.021324005258571713,0.0,inf,True,True
H2 pipeline DE4 -> DEE-reversed-2040,H2 pipeline,0.03428786439677178,0.0,inf,True,True
H2 pipeline DE7 -> DE9-reversed-2040,H2 pipeline,1284.9260118083464,0.0,inf,True,True
H2 pipeline DE7 -> DEA-reversed-2040,H2 pipeline,0.02192287090357923,0.0,inf,True,True
H2 pipeline DE7 -> DEG-reversed-2040,H2 pipeline,0.0352989852229502,0.0,inf,True,True
H2 pipeline DE8 -> DEE-reversed-2040,H2 pipeline,0.007428447515990525,0.0,inf,True,True
H2 pipeline DE8 -> DEF-reversed-2040,H2 pipeline,8342.522512570924,0.0,inf,True,True
H2 pipeline DE8 -> DK0-reversed-2040,H2 pipeline,0.0,0.0,inf,False,True
H2 pipeline DE8 -> SE2-reversed-2040,H2 pipeline,0.0,0.0,inf,False,True
H2 pipeline DE9 -> DED-reversed-2040,H2 pipeline,5632.939904072397,0.0,inf,True,True
H2 pipeline DE9 -> DEE-reversed-2040,H2 pipeline,42.357989565588326,0.0,inf,True,True
H2 pipeline DE9 -> GBJ-reversed-2040,H2 pipeline,0.0,0.0,inf,False,True
H2 pipeline DEA -> DEF-reversed-2040,H2 pipeline,0.006928922901635333,0.0,inf,True,True
H2 pipeline DEA -> FRF-reversed-2040,H2 pipeline,0.0,0.0,inf,False,True
H2 pipeline DEA -> NL2-reversed-2040,H2 pipeline,0.0,0.0,inf,False,True
H2 pipeline DEB -> LU0-reversed-2040,H2 pipeline,0.0,0.0,inf,False,True
H2 pipeline DED -> DEG-reversed-2040,H2 pipeline,0.018700488269971713,0.0,inf,True,True
H2 pipeline DED -> PL5-reversed-2040,H2 pipeline,0.0,0.0,inf,False,True
H2 pipeline DEE -> DEG-reversed-2040,H2 pipeline,0.0583074199925183,0.0,inf,True,True
H2 pipeline DEF -> NO09-reversed-2040,H2 pipeline,0.0,0.0,inf,False,True
H2 pipeline DEF -> SE2-reversed-2040,H2 pipeline,0.0,0.0,inf,False,True
H2 pipeline DK0 -> GBF-reversed-2040,H2 pipeline,0.0,0.0,inf,False,True
H2 pipeline DK0 -> NL1-reversed-2040,H2 pipeline,0.0,0.0,inf,False,True
H2 pipeline DK0 -> NO09-reversed-2040,H2 pipeline,0.0,0.0,inf,False,True
H2 pipeline DK0 -> SE2-reversed-2040,H2 pipeline,0.0,0.0,inf,False,True
H2 pipeline EE0 -> FI1C-reversed-2040,H2 pipeline,0.0,0.0,inf,False,True
H2 pipeline ES1 -> PT1-reversed-2040,H2 pipeline,0.0,0.0,inf,False,True
H2 pipeline ES2 -> FRI-reversed-2040,H2 pipeline,0.0,0.0,inf,False,True
H2 pipeline ES2 -> FRJ-reversed-2040,H2 pipeline,0.0,0.0,inf,False,True
H2 pipeline ES4 -> ES5-reversed-2040,H2 pipeline,0.00289678788673793,0.0,inf,True,True
H2 pipeline ES5 -> FRJ-reversed-2040,H2 pipeline,0.0,0.0,inf,False,True
H2 pipeline ES6 -> PT1-reversed-2040,H2 pipeline,0.0,0.0,inf,False,True
H2 pipeline FI19 -> FI1B-reversed-2040,H2 pipeline,0.00896553306889351,0.0,inf,True,True
H2 pipeline FI19 -> SE1-reversed-2040,H2 pipeline,0.0,0.0,inf,False,True
H2 pipeline FI19 -> SE3-reversed-2040,H2 pipeline,0.0,0.0,inf,False,True
H2 pipeline FI1C -> FI1D-reversed-2040,H2 pipeline,0.002253281937539896,0.0,inf,True,True
H2 pipeline FI1D -> NO07-reversed-2040,H2 pipeline,0.0,0.0,inf,False,True
H2 pipeline FR1 -> FRB-reversed-2040,H2 pipeline,0.03662959376049742,0.0,inf,True,True
H2 pipeline FR1 -> FRC-reversed-2040,H2 pipeline,3440.3724210069577,0.0,inf,True,True
H2 pipeline FR1 -> FRD-reversed-2040,H2 pipeline,5914.642228060096,0.0,inf,True,True
H2 pipeline FR1 -> FRF-reversed-2040,H2 pipeline,1009.9605185190964,0.0,inf,True,True
H2 pipeline FRB -> FRC-reversed-2040,H2 pipeline,5218.4452066197555,0.0,inf,True,True
H2 pipeline FRB -> FRG-reversed-2040,H2 pipeline,5220.03997398799,0.0,inf,True,True
H2 pipeline FRB -> FRI-reversed-2040,H2 pipeline,0.01798711983399047,0.0,inf,True,True
H2 pipeline FRB -> FRJ-reversed-2040,H2 pipeline,0.01683062034589118,0.0,inf,True,True
H2 pipeline FRB -> FRK-reversed-2040,H2 pipeline,1.5155598590343127,0.0,inf,True,True
H2 pipeline FRD -> FRE-reversed-2040,H2 pipeline,0.05880403651160679,0.0,inf,True,True
H2 pipeline FRD -> FRG-reversed-2040,H2 pipeline,0.025895177251665884,0.0,inf,True,True
H2 pipeline FRD -> FRH-reversed-2040,H2 pipeline,1823.3865306251396,0.0,inf,True,True
H2 pipeline FRD -> GBJ-reversed-2040,H2 pipeline,0.0,0.0,inf,False,True
H2 pipeline FRE -> GBJ-reversed-2040,H2 pipeline,0.0,0.0,inf,False,True
H2 pipeline FRF -> LU0-reversed-2040,H2 pipeline,0.0,0.0,inf,False,True
H2 pipeline FRG -> FRH-reversed-2040,H2 pipeline,5551.417765620081,0.0,inf,True,True
H2 pipeline FRG -> FRI-reversed-2040,H2 pipeline,331.3273433860114,0.0,inf,True,True
H2 pipeline FRH -> IE0-reversed-2040,H2 pipeline,0.0,0.0,inf,False,True
H2 pipeline FRI -> FRJ-reversed-2040,H2 pipeline,329.2230585733808,0.0,inf,True,True
H2 pipeline FRI -> FRK-reversed-2040,H2 pipeline,0.013369519694999624,0.0,inf,True,True
H2 pipeline FRJ -> FRK-reversed-2040,H2 pipeline,0.01250734711433289,0.0,inf,True,True
H2 pipeline FRJ -> FRL-reversed-2040,H2 pipeline,554.5913206953213,0.0,inf,True,True
H2 pipeline FRK -> ITC-reversed-2040,H2 pipeline,0.0,0.0,inf,False,True
H2 pipeline FRL -> ITC-reversed-2040,H2 pipeline,0.0,0.0,inf,False,True
H2 pipeline FRM -> ITG2-reversed-2040,H2 pipeline,0.0,0.0,inf,False,True
H2 pipeline FRM -> ITI-reversed-2040,H2 pipeline,0.0,0.0,inf,False,True
H2 pipeline GBC -> GBD-reversed-2040,H2 pipeline,390.909663357401,0.0,inf,True,True
H2 pipeline GBC -> GBE-reversed-2040,H2 pipeline,498.34726846349656,0.0,inf,True,True
H2 pipeline GBC -> GBM-reversed-2040,H2 pipeline,145.80764674511352,0.0,inf,True,True
H2 pipeline GBC -> NO0A-reversed-2040,H2 pipeline,0.0,0.0,inf,False,True
H2 pipeline GBD -> GBE-reversed-2040,H2 pipeline,27.933282126191806,0.0,inf,True,True
H2 pipeline GBD -> GBG-reversed-2040,H2 pipeline,14.029714594620895,0.0,inf,True,True
H2 pipeline GBD -> GBL-reversed-2040,H2 pipeline,354.57007582067826,0.0,inf,True,True
H2 pipeline GBD -> GBM-reversed-2040,H2 pipeline,540.5577691303221,0.0,inf,True,True
H2 pipeline GBE -> GBF-reversed-2040,H2 pipeline,282.36120780556007,0.0,inf,True,True
H2 pipeline GBE -> GBH-reversed-2040,H2 pipeline,0.26581147420553103,0.0,inf,True,True
H2 pipeline GBF -> GBG-reversed-2040,H2 pipeline,42.659448847857746,0.0,inf,True,True
H2 pipeline GBF -> GBH-reversed-2040,H2 pipeline,351.35286674940676,0.0,inf,True,True
H2 pipeline GBF -> GBJ-reversed-2040,H2 pipeline,0.04429418625657588,0.0,inf,True,True
H2 pipeline GBG -> GBK-reversed-2040,H2 pipeline,0.02058355297766442,0.0,inf,True,True
H2 pipeline GBG -> GBL-reversed-2040,H2 pipeline,27.58784083911165,0.0,inf,True,True
H2 pipeline GBH -> GBJ-reversed-2040,H2 pipeline,287.0253821122052,0.0,inf,True,True
H2 pipeline GBJ -> GBK-reversed-2040,H2 pipeline,1476.8066757687045,0.0,inf,True,True
H2 pipeline GBJ -> NL3-reversed-2040,H2 pipeline,0.0,0.0,inf,False,True
H2 pipeline GBK -> GBL-reversed-2040,H2 pipeline,630.9218100866512,0.0,inf,True,True
H2 pipeline GBL -> GBM-reversed-2040,H2 pipeline,0.011176876236368717,0.0,inf,True,True
H2 pipeline GBL -> IE0-reversed-2040,H2 pipeline,0.0,0.0,inf,False,True
H2 pipeline GBM -> GBN-reversed-2040,H2 pipeline,535.0468345169803,0.0,inf,True,True
H2 pipeline GBN -> IE0-reversed-2040,H2 pipeline,0.0,0.0,inf,False,True
H2 pipeline GR5 -> ITF-reversed-2040,H2 pipeline,0.0,0.0,inf,False,True
H2 pipeline GR5 -> MK0-reversed-2040,H2 pipeline,0.0,0.0,inf,False,True
H2 pipeline HR -> HU-reversed-2040,H2 pipeline,0.0,0.0,inf,False,True
H2 pipeline HR -> RS-reversed-2040,H2 pipeline,0.0,0.0,inf,False,True
H2 pipeline HR -> SI0-reversed-2040,H2 pipeline,0.0,0.0,inf,False,True
H2 pipeline HU -> RO-reversed-2040,H2 pipeline,0.0,0.0,inf,False,True
H2 pipeline HU -> RS-reversed-2040,H2 pipeline,0.0,0.0,inf,False,True
H2 pipeline HU -> SI0-reversed-2040,H2 pipeline,0.0,0.0,inf,False,True
H2 pipeline HU -> SK0-reversed-2040,H2 pipeline,0.0,0.0,inf,False,True
H2 pipeline ITC -> ITH-reversed-2040,H2 pipeline,1.474365842782755,0.0,inf,True,True
H2 pipeline ITC -> ITI-reversed-2040,H2 pipeline,0.05120187483389142,0.0,inf,True,True
H2 pipeline ITF -> ME0-reversed-2040,H2 pipeline,0.0,0.0,inf,False,True
H2 pipeline ITG2 -> ITI-reversed-2040,H2 pipeline,1556.2985739007518,0.0,inf,True,True
H2 pipeline ITH -> SI0-reversed-2040,H2 pipeline,0.0,0.0,inf,False,True
H2 pipeline LT0 -> PL6-reversed-2040,H2 pipeline,0.0,0.0,inf,False,True
H2 pipeline LT0 -> SE2-reversed-2040,H2 pipeline,0.0,0.0,inf,False,True
H2 pipeline ME0 -> RS-reversed-2040,H2 pipeline,0.0,0.0,inf,False,True
H2 pipeline ME0 -> XK-reversed-2040,H2 pipeline,0.0,0.0,inf,False,True
H2 pipeline MK0 -> RS-reversed-2040,H2 pipeline,0.0,0.0,inf,False,True
H2 pipeline MK0 -> XK-reversed-2040,H2 pipeline,0.0,0.0,inf,False,True
H2 pipeline NL1 -> NO09-reversed-2040,H2 pipeline,0.0,0.0,inf,False,True
H2 pipeline NL2 -> NL3-reversed-2040,H2 pipeline,3871.0368970940985,0.0,inf,True,True
H2 pipeline NO02 -> NO08-reversed-2040,H2 pipeline,0.055221480323214396,0.0,inf,True,True
H2 pipeline NO02 -> NO0A-reversed-2040,H2 pipeline,62.958448205051916,0.0,inf,True,True
H2 pipeline NO06 -> NO07-reversed-2040,H2 pipeline,86.85898248740916,0.0,inf,True,True
H2 pipeline NO06 -> NO0A-reversed-2040,H2 pipeline,723.1904001635634,0.0,inf,True,True
H2 pipeline NO06 -> SE3-reversed-2040,H2 pipeline,0.0,0.0,inf,False,True
H2 pipeline NO07 -> SE3-reversed-2040,H2 pipeline,0.0,0.0,inf,False,True
H2 pipeline NO08 -> NO09-reversed-2040,H2 pipeline,0.02102882211284445,0.0,inf,True,True
H2 pipeline NO08 -> NO0A-reversed-2040,H2 pipeline,127.39468055038577,0.0,inf,True,True
H2 pipeline NO08 -> SE2-reversed-2040,H2 pipeline,0.0,0.0,inf,False,True
H2 pipeline NO08 -> SE3-reversed-2040,H2 pipeline,0.0,0.0,inf,False,True
H2 pipeline NO09 -> NO0A-reversed-2040,H2 pipeline,688.1648204347406,0.0,inf,True,True
H2 pipeline PL2 -> PL5-reversed-2040,H2 pipeline,0.17381490471023872,0.0,inf,True,True
H2 pipeline PL2 -> PL7-reversed-2040,H2 pipeline,0.23388422391709354,0.0,inf,True,True
H2 pipeline PL2 -> PL8-reversed-2040,H2 pipeline,504.026616766908,0.0,inf,True,True
H2 pipeline PL4 -> PL5-reversed-2040,H2 pipeline,1418.5497233535884,0.0,inf,True,True
H2 pipeline PL4 -> PL7-reversed-2040,H2 pipeline,0.03238265774093109,0.0,inf,True,True
H2 pipeline PL4 -> PL9-reversed-2040,H2 pipeline,0.004564128941139809,0.0,inf,True,True
H2 pipeline PL6 -> PL8-reversed-2040,H2 pipeline,0.00390643168527665,0.0,inf,True,True
H2 pipeline PL6 -> SE2-reversed-2040,H2 pipeline,0.0,0.0,inf,False,True
H2 pipeline PL7 -> PL8-reversed-2040,H2 pipeline,0.009738933356578836,0.0,inf,True,True
H2 pipeline PL7 -> PL9-reversed-2040,H2 pipeline,0.2654751444952852,0.0,inf,True,True
H2 pipeline PL8 -> SK0-reversed-2040,H2 pipeline,0.0,0.0,inf,False,True
H2 pipeline RO -> RS-reversed-2040,H2 pipeline,0.0,0.0,inf,False,True
H2 pipeline RS -> XK-reversed-2040,H2 pipeline,0.0,0.0,inf,False,True
H2 pipeline SE1 -> SE2-reversed-2040,H2 pipeline,1861.092039720758,0.0,inf,True,True
H2 pipeline SE1 -> SE3-reversed-2040,H2 pipeline,0.003347268976683334,0.0,inf,True,True
H2 pipeline SE2 -> SE3-reversed-2040,H2 pipeline,0.00234540843260622,0.0,inf,True,True
PCI-10.1.3-reversed,H2 pipeline,6261.0,6261.0,inf,False,True
PCI-10.1.2-reversed,H2 pipeline,7001.0,7001.0,inf,False,True
PCI-10.4-01-reversed,H2 pipeline,6267.0,6267.0,inf,False,True
PCI-9.5-01-reversed,H2 pipeline,3805.0,3805.0,inf,False,True
PCI-9.6-01-reversed,H2 pipeline,4003.0,4003.0,inf,False,True
PCI-9.5-02-reversed,H2 pipeline,3805.0,3805.0,inf,False,True
PCI-9.4-01-reversed,H2 pipeline,3778.0,3778.0,inf,False,True
PCI-9.5-03-reversed,H2 pipeline,3805.0,3805.0,inf,False,True
PCI-10.3.1-01-reversed,H2 pipeline,3424.0,3424.0,inf,False,True
PCI-10.2.1+1-reversed,H2 pipeline,12262.0,12262.0,inf,False,True
PCI-10.2.1-reversed,H2 pipeline,5995.0,5995.0,inf,False,True
PCI-10.4-02-reversed,H2 pipeline,6267.0,6267.0,inf,False,True
PCI-9.4-02-reversed,H2 pipeline,3778.0,3778.0,inf,False,True
PCI-9.4-03-reversed,H2 pipeline,3778.0,3778.0,inf,False,True
PCI-9.2.1-reversed,H2 pipeline,507.0,507.0,inf,False,True
PCI-9.1.6-01-reversed,H2 pipeline,8057.0,8057.0,inf,False,True
PCI-10.2.2-01-reversed,H2 pipeline,10056.0,10056.0,inf,False,True
PCI-10.2.2-02-reversed,H2 pipeline,10056.0,10056.0,inf,False,True
PCI-11.2-01-reversed,H2 pipeline,8281.0,8281.0,inf,False,True
PCI-9.1.6+1-01-reversed,H2 pipeline,11835.0,11835.0,inf,False,True
PCI-11.3-01-reversed,H2 pipeline,20546.0,20546.0,inf,False,True
PCI-9.7.1+1-reversed,H2 pipeline,3532.0,3532.0,inf,False,True
PCI-9.9.1-reversed,H2 pipeline,10146.0,10146.0,inf,False,True
PCI-9.6+1-01-reversed,H2 pipeline,5297.0,5297.0,inf,False,True
PCI-9.25-01-reversed,H2 pipeline,15219.0,15219.0,inf,False,True
PCI-9.4+1-reversed,H2 pipeline,13536.0,13536.0,inf,False,True
PCI-9.7.3-reversed,H2 pipeline,9758.0,9758.0,inf,False,True
PCI-9.1.6-02-reversed,H2 pipeline,8057.0,8057.0,inf,False,True
PCI-9.1.6+1-02-reversed,H2 pipeline,8818.0,8818.0,inf,False,True
PCI-9.9.2-reversed,H2 pipeline,2489.0,2489.0,inf,False,True
PCI-11.2-02-reversed,H2 pipeline,8281.0,8281.0,inf,False,True
PCI-11.2-03-reversed,H2 pipeline,8281.0,8281.0,inf,False,True
PCI-9.1.3-01-reversed,H2 pipeline,13429.0,13429.0,inf,False,True
PCI-9.1.3-02-reversed,H2 pipeline,13429.0,13429.0,inf,False,True
PCI-9.1.3-03-reversed,H2 pipeline,13429.0,13429.0,inf,False,True
PCI-9.1.3-04-reversed,H2 pipeline,13429.0,13429.0,inf,False,True
PCI-9.1.3-05-reversed,H2 pipeline,13429.0,13429.0,inf,False,True
PCI-9.1.2-reversed,H2 pipeline,3357.0,3357.0,inf,False,True
PCI-9.1.3-06-reversed,H2 pipeline,13429.0,13429.0,inf,False,True
PCI-9.1.4-reversed,H2 pipeline,8952.0,8952.0,inf,False,True
PCI-11.2-04-reversed,H2 pipeline,8281.0,8281.0,inf,False,True
PCI-11.1-01-reversed,H2 pipeline,18601.0,18601.0,inf,False,True
PCI-11.2-05-reversed,H2 pipeline,8281.0,8281.0,inf,False,True
PCI-11.3-02-reversed,H2 pipeline,20546.0,20546.0,inf,False,True
PCI-11.1-02-reversed,H2 pipeline,18601.0,18601.0,inf,False,True
PCI-9.3-01-reversed,H2 pipeline,5073.0,5073.0,inf,False,True
PCI-9.1.5-01-reversed,H2 pipeline,8952.0,8952.0,inf,False,True
PCI-9.1.5-02-reversed,H2 pipeline,8952.0,8952.0,inf,False,True
PCI-9.3-02-reversed,H2 pipeline,5073.0,5073.0,inf,False,True
PCI-9.1.5-03-reversed,H2 pipeline,8952.0,8952.0,inf,False,True
PCI-10.3.1-02-reversed,H2 pipeline,3424.0,3424.0,inf,False,True
PCI-10.3.1-03-reversed,H2 pipeline,3424.0,3424.0,inf,False,True
PCI-10.1.1-01-reversed,H2 pipeline,18601.0,18601.0,inf,False,True
PCI-10.1.1-02-reversed,H2 pipeline,18601.0,18601.0,inf,False,True
PCI-10.1.1-03-reversed,H2 pipeline,18601.0,18601.0,inf,False,True
PCI-11.2-06-reversed,H2 pipeline,8281.0,8281.0,inf,False,True
PCI-11.2-07-reversed,H2 pipeline,8281.0,8281.0,inf,False,True
PCI-9.6-02-reversed,H2 pipeline,4003.0,4003.0,inf,False,True
PCI-9.6-03-reversed,H2 pipeline,4003.0,4003.0,inf,False,True
PCI-9.6+1-02-reversed,H2 pipeline,13761.0,13761.0,inf,False,True
PCI-9.25-02-reversed,H2 pipeline,15219.0,15219.0,inf,False,True
PCI-11.3-03-reversed,H2 pipeline,20546.0,20546.0,inf,False,True
PCI-11.3-04-reversed,H2 pipeline,20546.0,20546.0,inf,False,True
PCI-11.3-05-reversed,H2 pipeline,20546.0,20546.0,inf,False,True
PCI-11.2-08-reversed,H2 pipeline,8281.0,8281.0,inf,False,True
PCI-11.2-10-reversed,H2 pipeline,8281.0,8281.0,inf,False,True
PCI-11.2-11-reversed,H2 pipeline,8281.0,8281.0,inf,False,True
BG offshore 0 co2 stored pipeline-2030,CO2 pipeline,18.264885891939556,18.264885891939556,inf,False,True
GBD offshore 0 co2 stored pipeline-2030,CO2 pipeline,50.267338439363485,50.267338439363485,inf,False,True
GR5 offshore 0 co2 stored pipeline-2030,CO2 pipeline,123.85113923778007,123.85113923778007,inf,False,True
NL3 offshore 0 co2 stored pipeline-2030,CO2 pipeline,44.74910602168484,44.74910602168484,inf,False,True
H2 pipeline AL0 -> GR5-2030,H2 pipeline,0.0,0.0,inf,False,True
H2 pipeline AL0 -> ME0-2030,H2 pipeline,0.0,0.0,inf,False,True
H2 pipeline AL0 -> MK0-2030,H2 pipeline,0.0,0.0,inf,False,True
H2 pipeline AL0 -> XK-2030,H2 pipeline,0.0,0.0,inf,False,True
H2 pipeline AT -> CH0-2030,H2 pipeline,0.0,0.0,inf,False,True
H2 pipeline AT -> CZ0-2030,H2 pipeline,0.0,0.0,inf,False,True
H2 pipeline AT -> DE1-2030,H2 pipeline,0.0,0.0,inf,False,True
H2 pipeline AT -> HU-2030,H2 pipeline,0.0,0.0,inf,False,True
H2 pipeline AT -> SI0-2030,H2 pipeline,0.0,0.0,inf,False,True
H2 pipeline BA -> HR-2030,H2 pipeline,0.0,0.0,inf,False,True
H2 pipeline BA -> ME0-2030,H2 pipeline,0.0,0.0,inf,False,True
H2 pipeline BA -> RS-2030,H2 pipeline,0.0,0.0,inf,False,True
H2 pipeline BE1+1 -> FRE-2030,H2 pipeline,0.0,0.0,inf,False,True
H2 pipeline BE1+1 -> GBJ-2030,H2 pipeline,0.0,0.0,inf,False,True
H2 pipeline BE3 -> FRF-2030,H2 pipeline,0.0,0.0,inf,False,True
H2 pipeline BE3 -> LU0-2030,H2 pipeline,0.0,0.0,inf,False,True
H2 pipeline BG -> MK0-2030,H2 pipeline,0.0,0.0,inf,False,True
H2 pipeline BG -> RO-2030,H2 pipeline,0.0,0.0,inf,False,True
H2 pipeline BG -> RS-2030,H2 pipeline,0.0,0.0,inf,False,True
H2 pipeline CH0 -> DE1-2030,H2 pipeline,0.0,0.0,inf,False,True
H2 pipeline CH0 -> FRC-2030,H2 pipeline,0.0,0.0,inf,False,True
H2 pipeline CH0 -> FRF-2030,H2 pipeline,0.0,0.0,inf,False,True
H2 pipeline CH0 -> FRK-2030,H2 pipeline,0.0,0.0,inf,False,True
H2 pipeline CH0 -> ITC-2030,H2 pipeline,0.0,0.0,inf,False,True
H2 pipeline CZ0 -> PL2-2030,H2 pipeline,0.0,0.0,inf,False,True
H2 pipeline CZ0 -> PL5-2030,H2 pipeline,0.0,0.0,inf,False,True
H2 pipeline DE8 -> DEF-2030,H2 pipeline,614.6634087213306,614.6634087213306,inf,False,True
H2 pipeline DE8 -> DK0-2030,H2 pipeline,0.0,0.0,inf,False,True
H2 pipeline DE8 -> SE2-2030,H2 pipeline,0.0,0.0,inf,False,True
H2 pipeline DE9 -> GBJ-2030,H2 pipeline,0.0,0.0,inf,False,True
H2 pipeline DEA -> FRF-2030,H2 pipeline,0.0,0.0,inf,False,True
H2 pipeline DEA -> NL2-2030,H2 pipeline,0.0,0.0,inf,False,True
H2 pipeline DEB -> LU0-2030,H2 pipeline,0.0,0.0,inf,False,True
H2 pipeline DED -> PL5-2030,H2 pipeline,0.0,0.0,inf,False,True
H2 pipeline DEF -> NO09-2030,H2 pipeline,0.0,0.0,inf,False,True
H2 pipeline DEF -> SE2-2030,H2 pipeline,0.0,0.0,inf,False,True
H2 pipeline DK0 -> GBF-2030,H2 pipeline,0.0,0.0,inf,False,True
H2 pipeline DK0 -> NL1-2030,H2 pipeline,0.0,0.0,inf,False,True
H2 pipeline DK0 -> NO09-2030,H2 pipeline,0.0,0.0,inf,False,True
H2 pipeline DK0 -> SE2-2030,H2 pipeline,0.0,0.0,inf,False,True
H2 pipeline EE0 -> FI1C-2030,H2 pipeline,0.0,0.0,inf,False,True
H2 pipeline ES1 -> PT1-2030,H2 pipeline,0.0,0.0,inf,False,True
H2 pipeline ES2 -> FRI-2030,H2 pipeline,0.0,0.0,inf,False,True
H2 pipeline ES2 -> FRJ-2030,H2 pipeline,0.0,0.0,inf,False,True
H2 pipeline ES5 -> FRJ-2030,H2 pipeline,0.0,0.0,inf,False,True
H2 pipeline ES6 -> PT1-2030,H2 pipeline,0.0,0.0,inf,False,True
H2 pipeline FI19 -> SE1-2030,H2 pipeline,0.0,0.0,inf,False,True
H2 pipeline FI19 -> SE3-2030,H2 pipeline,0.0,0.0,inf,False,True
H2 pipeline FI1D -> NO07-2030,H2 pipeline,0.0,0.0,inf,False,True
H2 pipeline FRD -> FRE-2030,H2 pipeline,929.290592857242,929.290592857242,inf,False,True
H2 pipeline FRD -> FRH-2030,H2 pipeline,1714.7572097017407,1714.7572097017407,inf,False,True
H2 pipeline FRD -> GBJ-2030,H2 pipeline,0.0,0.0,inf,False,True
H2 pipeline FRE -> GBJ-2030,H2 pipeline,0.0,0.0,inf,False,True
H2 pipeline FRF -> LU0-2030,H2 pipeline,0.0,0.0,inf,False,True
H2 pipeline FRH -> IE0-2030,H2 pipeline,0.0,0.0,inf,False,True
H2 pipeline FRK -> ITC-2030,H2 pipeline,0.0,0.0,inf,False,True
H2 pipeline FRL -> ITC-2030,H2 pipeline,0.0,0.0,inf,False,True
H2 pipeline FRM -> ITG2-2030,H2 pipeline,0.0,0.0,inf,False,True
H2 pipeline FRM -> ITI-2030,H2 pipeline,0.0,0.0,inf,False,True
H2 pipeline GBC -> GBD-2030,H2 pipeline,179.46581632612035,179.46581632612035,inf,False,True
H2 pipeline GBC -> NO0A-2030,H2 pipeline,0.0,0.0,inf,False,True
H2 pipeline GBD -> GBG-2030,H2 pipeline,14.178116274231776,14.178116274231776,inf,False,True
H2 pipeline GBD -> GBM-2030,H2 pipeline,147.5302631304361,147.5302631304361,inf,False,True
H2 pipeline GBG -> GBK-2030,H2 pipeline,28.271138170041137,28.271138170041137,inf,False,True
H2 pipeline GBJ -> NL3-2030,H2 pipeline,0.0,0.0,inf,False,True
H2 pipeline GBL -> IE0-2030,H2 pipeline,0.0,0.0,inf,False,True
H2 pipeline GBN -> IE0-2030,H2 pipeline,0.0,0.0,inf,False,True
H2 pipeline GR5 -> ITF-2030,H2 pipeline,0.0,0.0,inf,False,True
H2 pipeline GR5 -> MK0-2030,H2 pipeline,0.0,0.0,inf,False,True
H2 pipeline HR -> HU-2030,H2 pipeline,0.0,0.0,inf,False,True
H2 pipeline HR -> RS-2030,H2 pipeline,0.0,0.0,inf,False,True
H2 pipeline HR -> SI0-2030,H2 pipeline,0.0,0.0,inf,False,True
H2 pipeline HU -> RO-2030,H2 pipeline,0.0,0.0,inf,False,True
H2 pipeline HU -> RS-2030,H2 pipeline,0.0,0.0,inf,False,True
H2 pipeline HU -> SI0-2030,H2 pipeline,0.0,0.0,inf,False,True
H2 pipeline HU -> SK0-2030,H2 pipeline,0.0,0.0,inf,False,True
H2 pipeline ITF -> ME0-2030,H2 pipeline,0.0,0.0,inf,False,True
H2 pipeline ITH -> SI0-2030,H2 pipeline,0.0,0.0,inf,False,True
H2 pipeline LT0 -> PL6-2030,H2 pipeline,0.0,0.0,inf,False,True
H2 pipeline LT0 -> SE2-2030,H2 pipeline,0.0,0.0,inf,False,True
H2 pipeline ME0 -> RS-2030,H2 pipeline,0.0,0.0,inf,False,True
H2 pipeline ME0 -> XK-2030,H2 pipeline,0.0,0.0,inf,False,True
H2 pipeline MK0 -> RS-2030,H2 pipeline,0.0,0.0,inf,False,True
H2 pipeline MK0 -> XK-2030,H2 pipeline,0.0,0.0,inf,False,True
H2 pipeline NL1 -> NO09-2030,H2 pipeline,0.0,0.0,inf,False,True
H2 pipeline NO02 -> NO08-2030,H2 pipeline,254.62365384654584,254.62365384654584,inf,False,True
H2 pipeline NO02 -> NO0A-2030,H2 pipeline,70.67909929956667,70.67909929956667,inf,False,True
H2 pipeline NO06 -> SE3-2030,H2 pipeline,0.0,0.0,inf,False,True
H2 pipeline NO07 -> SE3-2030,H2 pipeline,0.0,0.0,inf,False,True
H2 pipeline NO08 -> SE2-2030,H2 pipeline,0.0,0.0,inf,False,True
H2 pipeline NO08 -> SE3-2030,H2 pipeline,0.0,0.0,inf,False,True
H2 pipeline PL2 -> PL8-2030,H2 pipeline,38.06205916660757,38.06205916660757,inf,False,True
H2 pipeline PL6 -> SE2-2030,H2 pipeline,0.0,0.0,inf,False,True
H2 pipeline PL8 -> SK0-2030,H2 pipeline,0.0,0.0,inf,False,True
H2 pipeline RO -> RS-2030,H2 pipeline,0.0,0.0,inf,False,True
H2 pipeline RS -> XK-2030,H2 pipeline,0.0,0.0,inf,False,True
CO2 pipeline AL0 -> GR5-2030,CO2 pipeline,0.0,0.0,inf,False,True
CO2 pipeline AL0 -> ME0-2030,CO2 pipeline,0.0,0.0,inf,False,True
CO2 pipeline AL0 -> MK0-2030,CO2 pipeline,0.0,0.0,inf,False,True
CO2 pipeline AL0 -> XK-2030,CO2 pipeline,0.0,0.0,inf,False,True
CO2 pipeline AT -> CH0-2030,CO2 pipeline,0.0,0.0,inf,False,True
CO2 pipeline AT -> CZ0-2030,CO2 pipeline,0.0,0.0,inf,False,True
CO2 pipeline AT -> DE1-2030,CO2 pipeline,0.0,0.0,inf,False,True
CO2 pipeline AT -> DE2-2030,CO2 pipeline,0.0,0.0,inf,False,True
CO2 pipeline AT -> HU-2030,CO2 pipeline,0.0,0.0,inf,False,True
CO2 pipeline AT -> ITH-2030,CO2 pipeline,0.0,0.0,inf,False,True
CO2 pipeline AT -> SI0-2030,CO2 pipeline,0.0,0.0,inf,False,True
CO2 pipeline BA -> HR-2030,CO2 pipeline,0.0,0.0,inf,False,True
CO2 pipeline BA -> ME0-2030,CO2 pipeline,0.0,0.0,inf,False,True
CO2 pipeline BA -> RS-2030,CO2 pipeline,0.0,0.0,inf,False,True
CO2 pipeline BE1+1 -> FRE-2030,CO2 pipeline,0.0,0.0,inf,False,True
CO2 pipeline BE1+1 -> GBJ-2030,CO2 pipeline,0.0,0.0,inf,False,True
CO2 pipeline BE1+1 -> NL4-2030,CO2 pipeline,0.0,0.0,inf,False,True
CO2 pipeline BE3 -> DEA-2030,CO2 pipeline,0.0,0.0,inf,False,True
CO2 pipeline BE3 -> FRF-2030,CO2 pipeline,0.0,0.0,inf,False,True
CO2 pipeline BE3 -> LU0-2030,CO2 pipeline,0.0,0.0,inf,False,True
CO2 pipeline BG -> GR5-2030,CO2 pipeline,0.0,0.0,inf,False,True
CO2 pipeline BG -> MK0-2030,CO2 pipeline,0.0,0.0,inf,False,True
CO2 pipeline BG -> RO-2030,CO2 pipeline,0.0,0.0,inf,False,True
CO2 pipeline BG -> RS-2030,CO2 pipeline,0.0,0.0,inf,False,True
CO2 pipeline CH0 -> DE1-2030,CO2 pipeline,0.0,0.0,inf,False,True
CO2 pipeline CH0 -> FRC-2030,CO2 pipeline,0.0,0.0,inf,False,True
CO2 pipeline CH0 -> FRF-2030,CO2 pipeline,0.0,0.0,inf,False,True
CO2 pipeline CH0 -> FRK-2030,CO2 pipeline,0.0,0.0,inf,False,True
CO2 pipeline CH0 -> ITC-2030,CO2 pipeline,0.0,0.0,inf,False,True
CO2 pipeline CZ0 -> DE2-2030,CO2 pipeline,0.0,0.0,inf,False,True
CO2 pipeline CZ0 -> DED-2030,CO2 pipeline,0.0,0.0,inf,False,True
CO2 pipeline CZ0 -> PL2-2030,CO2 pipeline,0.0,0.0,inf,False,True
CO2 pipeline CZ0 -> PL5-2030,CO2 pipeline,0.0,0.0,inf,False,True
CO2 pipeline CZ0 -> SK0-2030,CO2 pipeline,0.0,0.0,inf,False,True
CO2 pipeline DE1 -> DEB-2030,CO2 pipeline,270.2228375433809,270.2228375433809,inf,False,True
CO2 pipeline DE1 -> FRF-2030,CO2 pipeline,0.0,0.0,inf,False,True
CO2 pipeline DE2 -> DEE-2030,CO2 pipeline,412.8333733935493,412.8333733935493,inf,False,True
CO2 pipeline DE4 -> DEE-2030,CO2 pipeline,412.3005332285077,412.3005332285077,inf,False,True
CO2 pipeline DE4 -> PL4-2030,CO2 pipeline,0.0,0.0,inf,False,True
CO2 pipeline DE7 -> DEG-2030,CO2 pipeline,51.58319946605407,51.58319946605407,inf,False,True
CO2 pipeline DE8 -> DEF-2030,CO2 pipeline,37.1440636705206,37.1440636705206,inf,False,True
CO2 pipeline DE8 -> DK0-2030,CO2 pipeline,0.0,0.0,inf,False,True
CO2 pipeline DE8 -> SE2-2030,CO2 pipeline,0.0,0.0,inf,False,True
CO2 pipeline DE9 -> DEA-2030,CO2 pipeline,2581.401124213325,2581.401124213325,inf,False,True
CO2 pipeline DE9 -> GBJ-2030,CO2 pipeline,0.0,0.0,inf,False,True
CO2 pipeline DE9 -> NL1-2030,CO2 pipeline,0.0,0.0,inf,False,True
CO2 pipeline DEA -> FRF-2030,CO2 pipeline,0.0,0.0,inf,False,True
CO2 pipeline DEA -> NL2-2030,CO2 pipeline,0.0,0.0,inf,False,True
CO2 pipeline DEA -> NL4-2030,CO2 pipeline,0.0,0.0,inf,False,True
CO2 pipeline DEB -> DEC-2030,CO2 pipeline,333.38018206808545,333.38018206808545,inf,False,True
CO2 pipeline DEB -> LU0-2030,CO2 pipeline,0.0,0.0,inf,False,True
CO2 pipeline DEC -> FRF-2030,CO2 pipeline,0.0,0.0,inf,False,True
CO2 pipeline DED -> DEG-2030,CO2 pipeline,61.210792343009494,61.210792343009494,inf,False,True
CO2 pipeline DED -> PL5-2030,CO2 pipeline,0.0,0.0,inf,False,True
CO2 pipeline DEE -> DEG-2030,CO2 pipeline,264.95649943983244,264.95649943983244,inf,False,True
CO2 pipeline DEF -> NO09-2030,CO2 pipeline,0.0,0.0,inf,False,True
CO2 pipeline DEF -> SE2-2030,CO2 pipeline,0.0,0.0,inf,False,True
CO2 pipeline DK0 -> GBF-2030,CO2 pipeline,0.0,0.0,inf,False,True
CO2 pipeline DK0 -> NL1-2030,CO2 pipeline,0.0,0.0,inf,False,True
CO2 pipeline DK0 -> NO09-2030,CO2 pipeline,0.0,0.0,inf,False,True
CO2 pipeline DK0 -> SE2-2030,CO2 pipeline,0.0,0.0,inf,False,True
CO2 pipeline EE0 -> FI1B-2030,CO2 pipeline,0.0,0.0,inf,False,True
CO2 pipeline EE0 -> FI1C-2030,CO2 pipeline,0.0,0.0,inf,False,True
CO2 pipeline EE0 -> LV0-2030,CO2 pipeline,0.0,0.0,inf,False,True
CO2 pipeline ES1 -> PT1-2030,CO2 pipeline,0.0,0.0,inf,False,True
CO2 pipeline ES2 -> FRJ-2030,CO2 pipeline,0.0,0.0,inf,False,True
CO2 pipeline ES4 -> PT1-2030,CO2 pipeline,0.0,0.0,inf,False,True
CO2 pipeline ES5 -> FRJ-2030,CO2 pipeline,0.0,0.0,inf,False,True
CO2 pipeline ES6 -> PT1-2030,CO2 pipeline,0.0,0.0,inf,False,True
CO2 pipeline FI19 -> SE1-2030,CO2 pipeline,0.0,0.0,inf,False,True
CO2 pipeline FI19 -> SE3-2030,CO2 pipeline,0.0,0.0,inf,False,True
CO2 pipeline FI1D -> NO07-2030,CO2 pipeline,0.0,0.0,inf,False,True
CO2 pipeline FI1D -> SE3-2030,CO2 pipeline,0.0,0.0,inf,False,True
CO2 pipeline FR1 -> FRD-2030,CO2 pipeline,82.27023176461402,82.27023176461402,inf,False,True
CO2 pipeline FRB -> FRG-2030,CO2 pipeline,57.049566412612386,57.049566412612386,inf,False,True
CO2 pipeline FRD -> FRE-2030,CO2 pipeline,117.0493569346235,117.0493569346235,inf,False,True
CO2 pipeline FRD -> FRH-2030,CO2 pipeline,152.39546369777443,152.39546369777443,inf,False,True
CO2 pipeline FRD -> GBJ-2030,CO2 pipeline,0.0,0.0,inf,False,True
CO2 pipeline FRE -> GBJ-2030,CO2 pipeline,0.0,0.0,inf,False,True
CO2 pipeline FRF -> LU0-2030,CO2 pipeline,0.0,0.0,inf,False,True
CO2 pipeline FRG -> FRH-2030,CO2 pipeline,467.05000357621213,467.05000357621213,inf,False,True
CO2 pipeline FRG -> FRI-2030,CO2 pipeline,238.23225030963224,238.23225030963224,inf,False,True
CO2 pipeline FRH -> IE0-2030,CO2 pipeline,0.0,0.0,inf,False,True
CO2 pipeline FRK -> ITC-2030,CO2 pipeline,0.0,0.0,inf,False,True
CO2 pipeline FRL -> ITC-2030,CO2 pipeline,0.0,0.0,inf,False,True
CO2 pipeline FRM -> ITG2-2030,CO2 pipeline,0.0,0.0,inf,False,True
CO2 pipeline FRM -> ITI-2030,CO2 pipeline,0.0,0.0,inf,False,True
CO2 pipeline GBC -> GBD-2030,CO2 pipeline,64.40226012697312,64.40226012697312,inf,False,True
CO2 pipeline GBC -> GBE-2030,CO2 pipeline,79.8996635008036,79.8996635008036,inf,False,True
CO2 pipeline GBC -> NO0A-2030,CO2 pipeline,0.0,0.0,inf,False,True
CO2 pipeline GBD -> GBM-2030,CO2 pipeline,167.27701085663676,167.27701085663676,inf,False,True
CO2 pipeline GBF -> GBG-2030,CO2 pipeline,120.62896686165851,120.62896686165851,inf,False,True
CO2 pipeline GBG -> GBK-2030,CO2 pipeline,122.88426755213673,122.88426755213673,inf,False,True
CO2 pipeline GBG -> GBL-2030,CO2 pipeline,138.83286381465635,138.83286381465635,inf,False,True
CO2 pipeline GBH -> GBJ-2030,CO2 pipeline,112.49039068511044,112.49039068511044,inf,False,True
CO2 pipeline GBJ -> GBK-2030,CO2 pipeline,427.8574394183957,427.8574394183957,inf,False,True
CO2 pipeline GBJ -> NL3-2030,CO2 pipeline,0.0,0.0,inf,False,True
CO2 pipeline GBL -> IE0-2030,CO2 pipeline,0.0,0.0,inf,False,True
CO2 pipeline GBN -> IE0-2030,CO2 pipeline,0.0,0.0,inf,False,True
CO2 pipeline GR4+1 -> GR5-2030,CO2 pipeline,400.48547114188705,400.48547114188705,inf,False,True
CO2 pipeline GR5 -> ITF-2030,CO2 pipeline,0.0,0.0,inf,False,True
CO2 pipeline GR5 -> MK0-2030,CO2 pipeline,0.0,0.0,inf,False,True
CO2 pipeline HR -> RS-2030,CO2 pipeline,0.0,0.0,inf,False,True
CO2 pipeline HR -> SI0-2030,CO2 pipeline,0.0,0.0,inf,False,True
CO2 pipeline HU -> RO-2030,CO2 pipeline,0.0,0.0,inf,False,True
CO2 pipeline HU -> RS-2030,CO2 pipeline,0.0,0.0,inf,False,True
CO2 pipeline HU -> SI0-2030,CO2 pipeline,0.0,0.0,inf,False,True
CO2 pipeline HU -> SK0-2030,CO2 pipeline,0.0,0.0,inf,False,True
CO2 pipeline ITF -> ME0-2030,CO2 pipeline,0.0,0.0,inf,False,True
CO2 pipeline ITH -> SI0-2030,CO2 pipeline,0.0,0.0,inf,False,True
CO2 pipeline LT0 -> LV0-2030,CO2 pipeline,0.0,0.0,inf,False,True
CO2 pipeline LT0 -> PL6-2030,CO2 pipeline,0.0,0.0,inf,False,True
CO2 pipeline LT0 -> SE2-2030,CO2 pipeline,0.0,0.0,inf,False,True
CO2 pipeline ME0 -> RS-2030,CO2 pipeline,0.0,0.0,inf,False,True
CO2 pipeline ME0 -> XK-2030,CO2 pipeline,0.0,0.0,inf,False,True
CO2 pipeline MK0 -> RS-2030,CO2 pipeline,0.0,0.0,inf,False,True
CO2 pipeline MK0 -> XK-2030,CO2 pipeline,0.0,0.0,inf,False,True
CO2 pipeline NL1 -> NL2-2030,CO2 pipeline,37.99136724275833,37.99136724275833,inf,False,True
CO2 pipeline NL1 -> NO09-2030,CO2 pipeline,0.0,0.0,inf,False,True
CO2 pipeline NL2 -> NL4-2030,CO2 pipeline,49.535527711343796,49.535527711343796,inf,False,True
CO2 pipeline NO06 -> SE3-2030,CO2 pipeline,0.0,0.0,inf,False,True
CO2 pipeline NO07 -> SE3-2030,CO2 pipeline,0.0,0.0,inf,False,True
CO2 pipeline NO08 -> SE2-2030,CO2 pipeline,0.0,0.0,inf,False,True
CO2 pipeline NO08 -> SE3-2030,CO2 pipeline,0.0,0.0,inf,False,True
CO2 pipeline NO09 -> NO0A-2030,CO2 pipeline,180.08626064115674,180.08626064115674,inf,False,True
CO2 pipeline PL6 -> SE2-2030,CO2 pipeline,0.0,0.0,inf,False,True
CO2 pipeline PL8 -> SK0-2030,CO2 pipeline,0.0,0.0,inf,False,True
CO2 pipeline RO -> RS-2030,CO2 pipeline,0.0,0.0,inf,False,True
CO2 pipeline RS -> XK-2030,CO2 pipeline,0.0,0.0,inf,False,True
H2 pipeline AL0 -> GR5-reversed-2030,H2 pipeline,0.0,0.0,inf,False,True
H2 pipeline AL0 -> ME0-reversed-2030,H2 pipeline,0.0,0.0,inf,False,True
H2 pipeline AL0 -> MK0-reversed-2030,H2 pipeline,0.0,0.0,inf,False,True
H2 pipeline AL0 -> XK-reversed-2030,H2 pipeline,0.0,0.0,inf,False,True
H2 pipeline AT -> CH0-reversed-2030,H2 pipeline,0.0,0.0,inf,False,True
H2 pipeline AT -> CZ0-reversed-2030,H2 pipeline,0.0,0.0,inf,False,True
H2 pipeline AT -> DE1-reversed-2030,H2 pipeline,0.0,0.0,inf,False,True
H2 pipeline AT -> HU-reversed-2030,H2 pipeline,0.0,0.0,inf,False,True
H2 pipeline AT -> SI0-reversed-2030,H2 pipeline,0.0,0.0,inf,False,True
H2 pipeline BA -> HR-reversed-2030,H2 pipeline,0.0,0.0,inf,False,True
H2 pipeline BA -> ME0-reversed-2030,H2 pipeline,0.0,0.0,inf,False,True
H2 pipeline BA -> RS-reversed-2030,H2 pipeline,0.0,0.0,inf,False,True
H2 pipeline BE1+1 -> FRE-reversed-2030,H2 pipeline,0.0,0.0,inf,False,True
H2 pipeline BE1+1 -> GBJ-reversed-2030,H2 pipeline,0.0,0.0,inf,False,True
H2 pipeline BE3 -> FRF-reversed-2030,H2 pipeline,0.0,0.0,inf,False,True
H2 pipeline BE3 -> LU0-reversed-2030,H2 pipeline,0.0,0.0,inf,False,True
H2 pipeline BG -> MK0-reversed-2030,H2 pipeline,0.0,0.0,inf,False,True
H2 pipeline BG -> RO-reversed-2030,H2 pipeline,0.0,0.0,inf,False,True
H2 pipeline BG -> RS-reversed-2030,H2 pipeline,0.0,0.0,inf,False,True
H2 pipeline CH0 -> DE1-reversed-2030,H2 pipeline,0.0,0.0,inf,False,True
H2 pipeline CH0 -> FRC-reversed-2030,H2 pipeline,0.0,0.0,inf,False,True
H2 pipeline CH0 -> FRF-reversed-2030,H2 pipeline,0.0,0.0,inf,False,True
H2 pipeline CH0 -> FRK-reversed-2030,H2 pipeline,0.0,0.0,inf,False,True
H2 pipeline CH0 -> ITC-reversed-2030,H2 pipeline,0.0,0.0,inf,False,True
H2 pipeline CZ0 -> PL2-reversed-2030,H2 pipeline,0.0,0.0,inf,False,True
H2 pipeline CZ0 -> PL5-reversed-2030,H2 pipeline,0.0,0.0,inf,False,True
H2 pipeline DE8 -> DEF-reversed-2030,H2 pipeline,614.6634087213306,614.6634087213306,inf,False,True
H2 pipeline DE8 -> DK0-reversed-2030,H2 pipeline,0.0,0.0,inf,False,True
H2 pipeline DE8 -> SE2-reversed-2030,H2 pipeline,0.0,0.0,inf,False,True
H2 pipeline DE9 -> GBJ-reversed-2030,H2 pipeline,0.0,0.0,inf,False,True
H2 pipeline DEA -> FRF-reversed-2030,H2 pipeline,0.0,0.0,inf,False,True
H2 pipeline DEA -> NL2-reversed-2030,H2 pipeline,0.0,0.0,inf,False,True
H2 pipeline DEB -> LU0-reversed-2030,H2 pipeline,0.0,0.0,inf,False,True
H2 pipeline DED -> PL5-reversed-2030,H2 pipeline,0.0,0.0,inf,False,True
H2 pipeline DEF -> NO09-reversed-2030,H2 pipeline,0.0,0.0,inf,False,True
H2 pipeline DEF -> SE2-reversed-2030,H2 pipeline,0.0,0.0,inf,False,True
H2 pipeline DK0 -> GBF-reversed-2030,H2 pipeline,0.0,0.0,inf,False,True
H2 pipeline DK0 -> NL1-reversed-2030,H2 pipeline,0.0,0.0,inf,False,True
H2 pipeline DK0 -> NO09-reversed-2030,H2 pipeline,0.0,0.0,inf,False,True
H2 pipeline DK0 -> SE2-reversed-2030,H2 pipeline,0.0,0.0,inf,False,True
H2 pipeline EE0 -> FI1C-reversed-2030,H2 pipeline,0.0,0.0,inf,False,True
H2 pipeline ES1 -> PT1-reversed-2030,H2 pipeline,0.0,0.0,inf,False,True
H2 pipeline ES2 -> FRI-reversed-2030,H2 pipeline,0.0,0.0,inf,False,True
H2 pipeline ES2 -> FRJ-reversed-2030,H2 pipeline,0.0,0.0,inf,False,True
H2 pipeline ES5 -> FRJ-reversed-2030,H2 pipeline,0.0,0.0,inf,False,True
H2 pipeline ES6 -> PT1-reversed-2030,H2 pipeline,0.0,0.0,inf,False,True
H2 pipeline FI19 -> SE1-reversed-2030,H2 pipeline,0.0,0.0,inf,False,True
H2 pipeline FI19 -> SE3-reversed-2030,H2 pipeline,0.0,0.0,inf,False,True
H2 pipeline FI1D -> NO07-reversed-2030,H2 pipeline,0.0,0.0,inf,False,True
H2 pipeline FRD -> FRE-reversed-2030,H2 pipeline,929.290592857242,929.290592857242,inf,False,True
H2 pipeline FRD -> FRH-reversed-2030,H2 pipeline,1714.7572097017407,1714.7572097017407,inf,False,True
H2 pipeline FRD -> GBJ-reversed-2030,H2 pipeline,0.0,0.0,inf,False,True
H2 pipeline FRE -> GBJ-reversed-2030,H2 pipeline,0.0,0.0,inf,False,True
H2 pipeline FRF -> LU0-reversed-2030,H2 pipeline,0.0,0.0,inf,False,True
H2 pipeline FRH -> IE0-reversed-2030,H2 pipeline,0.0,0.0,inf,False,True
H2 pipeline FRK -> ITC-reversed-2030,H2 pipeline,0.0,0.0,inf,False,True
H2 pipeline FRL -> ITC-reversed-2030,H2 pipeline,0.0,0.0,inf,False,True
H2 pipeline FRM -> ITG2-reversed-2030,H2 pipeline,0.0,0.0,inf,False,True
H2 pipeline FRM -> ITI-reversed-2030,H2 pipeline,0.0,0.0,inf,False,True
H2 pipeline GBC -> GBD-reversed-2030,H2 pipeline,179.46581632612035,179.46581632612035,inf,False,True
H2 pipeline GBC -> NO0A-reversed-2030,H2 pipeline,0.0,0.0,inf,False,True
H2 pipeline GBD -> GBG-reversed-2030,H2 pipeline,14.178116274231776,14.178116274231776,inf,False,True
H2 pipeline GBD -> GBM-reversed-2030,H2 pipeline,147.5302631304361,147.5302631304361,inf,False,True
H2 pipeline GBG -> GBK-reversed-2030,H2 pipeline,28.271138170041137,28.271138170041137,inf,False,True
H2 pipeline GBJ -> NL3-reversed-2030,H2 pipeline,0.0,0.0,inf,False,True
H2 pipeline GBL -> IE0-reversed-2030,H2 pipeline,0.0,0.0,inf,False,True
H2 pipeline GBN -> IE0-reversed-2030,H2 pipeline,0.0,0.0,inf,False,True
H2 pipeline GR5 -> ITF-reversed-2030,H2 pipeline,0.0,0.0,inf,False,True
H2 pipeline GR5 -> MK0-reversed-2030,H2 pipeline,0.0,0.0,inf,False,True
H2 pipeline HR -> HU-reversed-2030,H2 pipeline,0.0,0.0,inf,False,True
H2 pipeline HR -> RS-reversed-2030,H2 pipeline,0.0,0.0,inf,False,True
H2 pipeline HR -> SI0-reversed-2030,H2 pipeline,0.0,0.0,inf,False,True
H2 pipeline HU -> RO-reversed-2030,H2 pipeline,0.0,0.0,inf,False,True
H2 pipeline HU -> RS-reversed-2030,H2 pipeline,0.0,0.0,inf,False,True
H2 pipeline HU -> SI0-reversed-2030,H2 pipeline,0.0,0.0,inf,False,True
H2 pipeline HU -> SK0-reversed-2030,H2 pipeline,0.0,0.0,inf,False,True
H2 pipeline ITF -> ME0-reversed-2030,H2 pipeline,0.0,0.0,inf,False,True
H2 pipeline ITH -> SI0-reversed-2030,H2 pipeline,0.0,0.0,inf,False,True
H2 pipeline LT0 -> PL6-reversed-2030,H2 pipeline,0.0,0.0,inf,False,True
H2 pipeline LT0 -> SE2-reversed-2030,H2 pipeline,0.0,0.0,inf,False,True
H2 pipeline ME0 -> RS-reversed-2030,H2 pipeline,0.0,0.0,inf,False,True
H2 pipeline ME0 -> XK-reversed-2030,H2 pipeline,0.0,0.0,inf,False,True
H2 pipeline MK0 -> RS-reversed-2030,H2 pipeline,0.0,0.0,inf,False,True
H2 pipeline MK0 -> XK-reversed-2030,H2 pipeline,0.0,0.0,inf,False,True
H2 pipeline NL1 -> NO09-reversed-2030,H2 pipeline,0.0,0.0,inf,False,True
H2 pipeline NO02 -> NO08-reversed-2030,H2 pipeline,254.62365384654584,254.62365384654584,inf,False,True
H2 pipeline NO02 -> NO0A-reversed-2030,H2 pipeline,70.67909929956667,70.67909929956667,inf,False,True
H2 pipeline NO06 -> SE3-reversed-2030,H2 pipeline,0.0,0.0,inf,False,True
H2 pipeline NO07 -> SE3-reversed-2030,H2 pipeline,0.0,0.0,inf,False,True
H2 pipeline NO08 -> SE2-reversed-2030,H2 pipeline,0.0,0.0,inf,False,True
H2 pipeline NO08 -> SE3-reversed-2030,H2 pipeline,0.0,0.0,inf,False,True
H2 pipeline PL2 -> PL8-reversed-2030,H2 pipeline,38.06205916660757,38.06205916660757,inf,False,True
H2 pipeline PL6 -> SE2-reversed-2030,H2 pipeline,0.0,0.0,inf,False,True
H2 pipeline PL8 -> SK0-reversed-2030,H2 pipeline,0.0,0.0,inf,False,True
H2 pipeline RO -> RS-reversed-2030,H2 pipeline,0.0,0.0,inf,False,True
H2 pipeline RS -> XK-reversed-2030,H2 pipeline,0.0,0.0,inf,False,True
