Bus,busmap
AL3-400,AL0 0
AL6-400,AL0 0
AL8-400,AL0 0
way/1256076415-400,AL0 0
way/1256089443-220,AL0 0
way/174609198-220,AL0 0
way/281014574-400,AL0 0
way/281014575-220,AL0 0
way/281014579-220,AL0 0
way/297775062-220,AL0 0
way/353712441-220,AL0 0
way/353712449-220,AL0 0
AT1-220,AT0 0
AT10-220,AT0 0
AT11-220,AT0 0
AT12-380,AT0 0
AT13-380,AT0 0
AT16-220,AT0 0
AT17-380,AT0 0
AT2-380,AT0 0
AT20-220,AT0 0
AT3-380,AT0 0
AT4-220,AT0 0
AT5-380,AT0 0
AT6-380,AT0 0
AT8-220,AT0 0
AT9-220,AT0 0
CZ16-400,AT0 0
HU4-400,AT0 0
way/101997887-380,AT0 0
way/1047447425-220,AT0 0
way/105065132-380,AT0 0
way/107248400-380,AT0 0
way/118060597-380,AT0 0
way/1203160522-220,AT0 0
way/134565164-380,AT0 0
way/140375658-380,AT0 0
way/145583866-220,AT0 0
way/152245073-220,AT0 0
way/162826525-380,AT0 0
way/171066516-380,AT0 0
way/180468540-220,AT0 0
way/210191809-220,AT0 0
way/24253250-400,AT0 0
way/24768685-220,AT0 0
way/27673934-380,AT0 0
way/27763479-380,AT0 0
way/27795895-380,AT0 0
way/30042006-380,AT0 0
way/30076588-220,AT0 0
way/318616912-380,AT0 0
way/38821658-380,AT0 0
way/38868243-380,AT0 0
way/50650855-220,AT0 0
way/59531071-380,AT0 0
way/603139216-220,AT0 0
way/61108302-220,AT0 0
way/636620861-380,AT0 0
way/694695942-380,AT0 0
way/727225348-380,AT0 0
way/765101679-220,AT0 0
way/81540198-380,AT0 0
way/81684898-380,AT0 0
way/83529203-220,AT0 0
way/83740194-380,AT0 0
way/83742801-380,AT0 0
way/84789829-220,AT0 0
way/852324809-220,AT0 0
way/86119428-220,AT0 0
way/88680218-220,AT0 0
way/89451551-220,AT0 0
way/89985993-220,AT0 0
way/93077882-220,AT0 0
way/943595603-380,AT0 0
way/95812231-220,AT0 0
way/96616299-380,AT0 0
BA1-220,BA0 0
BA12-220,BA0 0
BA13-400,BA0 0
BA15-400,BA0 0
BA16-220,BA0 0
BA17-220,BA0 0
BA18-220,BA0 0
BA19-220,BA0 0
BA20-220,BA0 0
BA21-220,BA0 0
BA22-220,BA0 0
BA23-220,BA0 0
BA24-400,BA0 0
BA26-220,BA0 0
BA4-400,BA0 0
BA5-400,BA0 0
BA6-220,BA0 0
way/175002028-400,BA0 0
way/222962996-400,BA0 0
way/245190169-400,BA0 0
way/251735977-220,BA0 0
way/692824732-220,BA0 0
way/79818891-220,BA0 0
way/841600752-220,BA0 0
way/89827347-400,BA0 0
BE10-380,BE0 0
BE13-220,BE0 0
BE14-380,BE0 0
BE15-380,BE0 0
BE17-220,BE0 0
BE5-380,BE0 0
BE6-380,BE0 0
BE7-380,BE0 0
BE8-380,BE0 0
BE9-380,BE0 0
relation/7578992-380,BE0 0
way/1001478336-220,BE0 0
way/103041283-220,BE0 0
way/103455240-225,BE0 0
way/114082368-220,BE0 0
way/121085952-380,BE0 0
way/124703985-380,BE0 0
way/1258230062-380,BE0 0
way/16584741-380,BE0 0
way/19783816-380,BE0 0
way/204940265-220,BE0 0
way/23136343-380,BE0 0
way/23136868-380,BE0 0
way/23151789-380,BE0 0
way/23175771-380,BE0 0
way/24552827-220,BE0 0
way/32002039-380,BE0 0
way/495688586-380,BE0 0
way/495688597-380,BE0 0
way/500788534-380,BE0 0
way/87529551-400,BE0 0
way/87763325-380,BE0 0
way/87772591-380,BE0 0
way/87772593-380,BE0 0
way/87779917-380,BE0 0
way/87807194-380,BE0 0
way/88373135-400,BE0 0
way/88799384-380,BE0 0
way/91142310-220,BE0 0
way/917345402-220,BE0 0
way/91752661-220,BE0 0
way/92007188-220,BE0 0
way/92015823-220,BE0 0
BG1-400,BG0 0
BG10-400,BG0 0
BG11-400,BG0 0
BG12-400,BG0 0
BG13-400,BG0 0
BG14-220,BG0 0
BG15-400,BG0 0
BG16-400,BG0 0
BG17-400,BG0 0
BG18-400,BG0 0
BG19-400,BG0 0
BG21-220,BG0 0
BG22-220,BG0 0
BG23-220,BG0 0
BG24-220,BG0 0
BG25-220,BG0 0
BG26-400,BG0 0
BG27-400,BG0 0
BG28-400,BG0 0
BG29-400,BG0 0
BG3-400,BG0 0
BG30-400,BG0 0
BG31-400,BG0 0
BG32-400,BG0 0
BG33-400,BG0 0
BG34-400,BG0 0
BG35-400,BG0 0
BG36-400,BG0 0
BG37-400,BG0 0
BG38-220,BG0 0
BG39-220,BG0 0
BG4-400,BG0 0
BG40-220,BG0 0
BG44-220,BG0 0
BG45-220,BG0 0
BG46-220,BG0 0
BG47-220,BG0 0
BG48-400,BG0 0
BG5-400,BG0 0
BG50-220,BG0 0
BG51-400,BG0 0
BG52-400,BG0 0
BG53-400,BG0 0
BG57-400,BG0 0
BG58-400,BG0 0
BG6-400,BG0 0
BG60-400,BG0 0
BG61-220,BG0 0
BG62-400,BG0 0
BG64-400,BG0 0
BG66-400,BG0 0
BG7-400,BG0 0
BG8-400,BG0 0
BG9-400,BG0 0
way/1287693974-400,BG0 0
way/144024767-400,BG0 0
way/144787750-400,BG0 0
way/148478396-400,BG0 0
way/157471230-400,BG0 0
way/157660797-400,BG0 0
way/176656979-400,BG0 0
way/176754569-400,BG0 0
way/179323117-400,BG0 0
way/200516868-400,BG0 0
way/220458404-220,BG0 0
way/232685942-220,BG0 0
way/235044638-400,BG0 0
way/243752614-400,BG0 0
way/259759898-220,BG0 0
way/262539285-220,BG0 0
way/37028932-400,BG0 0
way/37031322-400,BG0 0
way/37031469-400,BG0 0
way/37376386-220,BG0 0
way/462198915-220,BG0 0
way/59467541-220,BG0 0
way/96974919-400,BG0 0
CH11-220,CH0 0
CH12-380,CH0 0
CH13-220,CH0 0
CH14-380,CH0 0
CH15-220,CH0 0
CH16-380,CH0 0
CH17-380,CH0 0
CH18-380,CH0 0
CH19-220,CH0 0
CH2-220,CH0 0
CH20-220,CH0 0
CH21-220,CH0 0
CH23-220,CH0 0
CH24-220,CH0 0
CH25-220,CH0 0
CH26-220,CH0 0
CH27-220,CH0 0
CH28-220,CH0 0
CH3-220,CH0 0
CH30-380,CH0 0
CH31-220,CH0 0
CH33-380,CH0 0
CH34-380,CH0 0
CH35-220,CH0 0
CH36-220,CH0 0
CH37-380,CH0 0
CH38-220,CH0 0
CH39-220,CH0 0
CH4-220,CH0 0
CH40-220,CH0 0
CH41-380,CH0 0
CH42-220,CH0 0
CH43-220,CH0 0
CH44-220,CH0 0
CH46-220,CH0 0
CH47-220,CH0 0
CH5-220,CH0 0
CH50-220,CH0 0
CH52-220,CH0 0
CH53-225,CH0 0
CH56-220,CH0 0
CH57-225,CH0 0
CH58-220,CH0 0
CH6-220,CH0 0
CH60-225,CH0 0
CH7-220,CH0 0
CH9-220,CH0 0
relation/5378910-220,CH0 0
relation/7933294-380,CH0 0
relation/9310861-220,CH0 0
way/108257952-220,CH0 0
way/109037817-380,CH0 0
way/1105061707-380,CH0 0
way/111162936-400,CH0 0
way/11282314-220,CH0 0
way/122720993-220,CH0 0
way/127004407-400,CH0 0
way/132373704-220,CH0 0
way/1327084723-220,CH0 0
way/140873735-220,CH0 0
way/146225999-220,CH0 0
way/147557680-220,CH0 0
way/147714395-380,CH0 0
way/148015471-220,CH0 0
way/159527493-220,CH0 0
way/161853746-220,CH0 0
way/165513396-380,CH0 0
way/177392130-400,CH0 0
way/190819048-220,CH0 0
way/192677427-380,CH0 0
way/194258388-220,CH0 0
way/207991759-380,CH0 0
way/207993342-380,CH0 0
way/208780268-380,CH0 0
way/210568055-380,CH0 0
way/211907009-220,CH0 0
way/212722603-380,CH0 0
way/22899676-220,CH0 0
way/234983117-380,CH0 0
way/236819191-220,CH0 0
way/238138373-380,CH0 0
way/239937062-220,CH0 0
way/240575085-220,CH0 0
way/240959264-220,CH0 0
way/242269161-220,CH0 0
way/26843160-220,CH0 0
way/27107779-220,CH0 0
way/27435934-220,CH0 0
way/281799252-220,CH0 0
way/281800404-220,CH0 0
way/281804158-380,CH0 0
way/281809991-220,CH0 0
way/281815404-220,CH0 0
way/281822905-220,CH0 0
way/30350721-220,CH0 0
way/31308888-220,CH0 0
way/33271433-220,CH0 0
way/35002638-380,CH0 0
way/356292116-380,CH0 0
way/35840165-380,CH0 0
way/364949845-380,CH0 0
way/365556107-220,CH0 0
way/391576135-220,CH0 0
way/391577741-220,CH0 0
way/397960460-400,CH0 0
way/402053379-220,CH0 0
way/402055336-220,CH0 0
way/431234146-220,CH0 0
way/455120191-220,CH0 0
way/50319857-400,CH0 0
way/52738225-380,CH0 0
way/55698557-225,CH0 0
way/71500123-380,CH0 0
way/758943072-220,CH0 0
way/802058337-225,CH0 0
way/89405664-220,CH0 0
way/89977424-220,CH0 0
way/92798668-220,CH0 0
way/936521586-380,CH0 0
way/969811258-380,CH0 0
way/969819301-380,CH0 0
way/98648381-380,CH0 0
CZ10-400,CZ0 0
CZ12-400,CZ0 0
CZ13-400,CZ0 0
CZ2-400,CZ0 0
CZ4-220,CZ0 0
CZ5-400,CZ0 0
CZ6-400,CZ0 0
CZ9-400,CZ0 0
way/149306820-400,CZ0 0
way/174152948-400,CZ0 0
way/197827799-400,CZ0 0
way/26143409-400,CZ0 0
way/27849030-400,CZ0 0
way/27867392-400,CZ0 0
way/28099187-400,CZ0 0
way/28268556-400,CZ0 0
way/28348269-220,CZ0 0
way/28349754-400,CZ0 0
way/28382372-400,CZ0 0
way/28457258-400,CZ0 0
way/28468576-400,CZ0 0
way/28469397-400,CZ0 0
way/28470958-400,CZ0 0
way/28475691-400,CZ0 0
way/28476742-400,CZ0 0
way/28477054-400,CZ0 0
way/28478409-400,CZ0 0
way/28478418-220,CZ0 0
way/28479110-400,CZ0 0
way/28479829-400,CZ0 0
way/28622657-220,CZ0 0
way/28622793-400,CZ0 0
way/28624004-220,CZ0 0
way/28624204-400,CZ0 0
way/28624926-400,CZ0 0
way/28625556-400,CZ0 0
way/28626812-400,CZ0 0
way/28628927-400,CZ0 0
way/693112798-400,CZ0 0
DE10-380,DE0 0
DE100-380,DE0 2
DE102-380,DE0 2
DE104-380,DE0 5
DE105-220,DE0 2
DE106-220,DE0 2
DE107-380,DE0 2
DE109-220,DE0 2
DE11-380,DE0 0
DE110-380,DE0 2
DE113-220,DE0 2
DE114-380,DE0 2
DE118-220,DE0 2
DE119-380,DE0 3
DE121-380,DE0 5
DE122-220,DE0 2
DE124-380,DE0 2
DE125-380,DE0 2
DE126-220,DE0 2
DE127-380,DE0 2
DE129-220,DE0 2
DE13-380,DE0 0
DE131-220,DE0 2
DE132-220,DE0 2
DE133-380,DE0 2
DE134-380,DE0 1
DE135-220,DE0 2
DE136-380,DE0 2
DE137-380,DE0 2
DE138-380,DE0 2
DE139-380,DE0 2
DE14-380,DE0 0
DE140-380,DE0 2
DE144-380,DE0 2
DE145-220,DE0 2
DE147-380,DE0 2
DE148-380,DE0 2
DE15-220,DE0 7
DE150-380,DE0 2
DE152-380,DE0 8
DE153-380,DE0 2
DE154-380,DE0 2
DE155-380,DE0 2
DE156-380,DE0 8
DE157-380,DE0 1
DE158-380,DE0 1
DE159-380,DE0 8
DE16-220,DE0 3
DE161-380,DE0 8
DE162-380,DE0 8
DE165-380,DE0 8
DE168-380,DE0 8
DE169-220,DE0 8
DE17-380,DE0 7
DE170-380,DE0 2
DE172-380,DE0 2
DE173-220,DE0 2
DE174-220,DE0 8
DE175-220,DE0 2
DE176-220,DE0 8
DE177-220,DE0 8
DE178-380,DE0 8
DE179-220,DE0 8
DE18-380,DE0 3
DE180-220,DE0 8
DE181-380,DE0 8
DE182-380,DE0 8
DE183-220,DE0 8
DE184-380,DE0 6
DE185-380,DE0 6
DE186-380,DE0 8
DE187-380,DE0 8
DE188-380,DE0 6
DE189-380,DE0 6
DE19-380,DE0 3
DE190-380,DE0 6
DE191-380,DE0 6
DE192-380,DE0 6
DE193-380,DE0 6
DE194-220,DE0 8
DE195-380,DE0 6
DE196-380,DE0 6
DE197-380,DE0 6
DE198-380,DE0 6
DE199-380,DE0 6
DE201-220,DE0 4
DE202-380,DE0 6
DE203-220,DE0 4
DE204-220,DE0 4
DE205-380,DE0 6
DE206-220,DE0 4
DE207-380,DE0 6
DE208-380,DE0 6
DE209-380,DE0 6
DE21-220,DE0 3
DE211-220,DE0 4
DE212-220,DE0 4
DE213-380,DE0 6
DE22-380,DE0 3
DE23-380,DE0 3
DE24-380,DE0 3
DE25-380,DE0 3
DE26-380,DE0 3
DE27-380,DE0 3
DE28-380,DE0 7
DE29-220,DE0 3
DE30-380,DE0 7
DE31-380,DE0 7
DE33-380,DE0 7
DE34-380,DE0 7
DE36-220,DE0 5
DE37-220,DE0 7
DE39-220,DE0 2
DE40-220,DE0 5
DE41-380,DE0 2
DE43-220,DE0 5
DE45-380,DE0 2
DE46-380,DE0 3
DE49-380,DE0 5
DE50-380,DE0 2
DE51-220,DE0 7
DE53-380,DE0 2
DE56-380,DE0 2
DE57-380,DE0 5
DE6-380,DE0 0
DE61-380,DE0 2
DE62-380,DE0 2
DE64-220,DE0 2
DE65-380,DE0 2
DE66-380,DE0 2
DE67-380,DE0 2
DE68-380,DE0 2
DE69-380,DE0 2
DE7-220,DE0 0
DE70-380,DE0 2
DE72-220,DE0 2
DE73-380,DE0 2
DE74-380,DE0 2
DE75-380,DE0 2
DE76-380,DE0 2
DE77-380,DE0 2
DE78-220,DE0 2
DE79-220,DE0 2
DE8-380,DE0 0
DE80-380,DE0 2
DE81-220,DE0 2
DE82-220,DE0 2
DE84-220,DE0 2
DE85-380,DE0 2
DE86-220,DE0 2
DE87-380,DE0 2
DE88-380,DE0 2
DE89-380,DE0 2
DE9-380,DE0 3
DE91-380,DE0 2
DE93-220,DE0 2
DE94-380,DE0 7
DE95-380,DE0 7
DE96-380,DE0 2
DE97-220,DE0 2
DE98-220,DE0 2
DK16-400,DE0 0
relation/17591073-220,DE0 8
way/1024536785-380,DE0 2
way/102743264-220,DE0 6
way/1040551074-220,DE0 2
way/106096507-380,DE0 2
way/1068350839-380,DE0 3
way/1072574879-380,DE0 7
way/1076001174-380,DE0 2
way/1086825107-380,DE0 1
way/108797675-380,DE0 1
way/1089769599-380,DE0 0
way/1089911133-380,DE0 0
way/1091984573-380,DE0 3
way/1093896544-380,DE0 6
way/1094015892-380,DE0 0
way/109917397-380,DE0 3
way/1102237380-380,DE0 0
way/1107961833-380,DE0 0
way/1128250707-380,DE0 7
way/11285720-380,DE0 0
way/113546939-380,DE0 2
way/114319248-380,DE0 7
way/11500045-380,DE0 3
way/1191459479-220,DE0 0
way/121199242-380,DE0 2
way/1222597066-380,DE0 3
way/1223405794-380,DE0 8
way/1245826064-380,DE0 8
way/1280364401-380,DE0 0
way/1280840211-380,DE0 7
way/1327333163-380,DE0 6
way/132814303-220,DE0 2
way/133342285-220,DE0 4
way/137602559-380,DE0 4
way/142487746-380,DE0 7
way/143854536-380,DE0 6
way/143882655-380,DE0 1
way/143903369-380,DE0 8
way/145002769-380,DE0 8
way/145680894-220,DE0 2
way/147521567-380,DE0 8
way/148446247-380,DE0 1
way/149256409-380,DE0 1
way/149987048-380,DE0 8
way/150200540-380,DE0 7
way/151967290-380,DE0 2
way/151967291-380,DE0 2
way/152018146-380,DE0 8
way/152107815-380,DE0 8
way/152261133-380,DE0 8
way/152403632-380,DE0 2
way/152924498-380,DE0 8
way/152924508-220,DE0 8
way/152973139-380,DE0 8
way/156402422-220,DE0 8
way/156673636-380,DE0 5
way/156673637-380,DE0 1
way/156676050-220,DE0 8
way/156960655-380,DE0 5
way/157164284-220,DE0 5
way/157328339-380,DE0 3
way/157806991-380,DE0 3
way/160584794-380,DE0 2
way/160929097-220,DE0 8
way/169244940-380,DE0 8
way/170123812-400,DE0 3
way/18629425-380,DE0 4
way/198448981-380,DE0 8
way/202747445-380,DE0 8
way/206289192-380,DE0 7
way/207248812-380,DE0 8
way/22720647-380,DE0 0
way/22761692-380,DE0 2
way/22761839-380,DE0 2
way/22765517-380,DE0 2
way/22766160-380,DE0 2
way/22767509-380,DE0 2
way/22796434-220,DE0 2
way/22944791-220,DE0 2
way/22960899-380,DE0 6
way/22964137-380,DE0 2
way/22973052-220,DE0 3
way/22973070-380,DE0 3
way/23022100-380,DE0 2
way/23067006-380,DE0 2
way/23084554-380,DE0 2
way/23192640-220,DE0 2
way/23284340-380,DE0 8
way/23380800-380,DE0 2
way/234171369-380,DE0 0
way/23583867-380,DE0 0
way/23641079-380,DE0 8
way/23899043-380,DE0 5
way/24042358-380,DE0 8
way/24158385-220,DE0 4
way/24230738-380,DE0 7
way/24237879-220,DE0 4
way/24258096-380,DE0 5
way/24262656-380,DE0 5
way/24267175-220,DE0 2
way/24272339-380,DE0 5
way/24413992-380,DE0 5
way/24462426-380,DE0 2
way/24478889-380,DE0 2
way/24479003-380,DE0 2
way/24479984-380,DE0 2
way/24493551-380,DE0 7
way/24502420-380,DE0 0
way/24604789-380,DE0 7
way/24667346-380,DE0 2
way/24685992-380,DE0 8
way/24705761-380,DE0 1
way/24757392-380,DE0 1
way/24757393-380,DE0 1
way/24757833-380,DE0 1
way/24758329-380,DE0 1
way/24759324-220,DE0 4
way/24768051-220,DE0 4
way/24799890-380,DE0 2
way/24839976-380,DE0 2
way/24921206-380,DE0 2
way/24976300-380,DE0 4
way/25051880-220,DE0 2
way/25306752-380,DE0 6
way/25306938-380,DE0 0
way/25786404-380,DE0 6
way/25943440-380,DE0 7
way/259561755-380,DE0 8
way/26245195-380,DE0 4
way/26260052-380,DE0 6
way/26383042-380,DE0 7
way/26404600-380,DE0 6
way/26472665-380,DE0 5
way/26474759-380,DE0 5
way/266684854-380,DE0 7
way/26814283-380,DE0 6
way/26927264-380,DE0 2
way/27124619-220,DE0 0
way/27149550-380,DE0 3
way/274603394-380,DE0 3
way/274621059-220,DE0 5
way/274630377-380,DE0 5
way/275466323-380,DE0 0
way/27646106-220,DE0 0
way/27739871-380,DE0 7
way/27871140-220,DE0 2
way/27919734-380,DE0 2
way/28008024-220,DE0 0
way/28327356-380,DE0 0
way/28343121-380,DE0 0
way/28397771-220,DE0 7
way/28452784-220,DE0 2
way/28613721-380,DE0 1
way/28729619-380,DE0 3
way/28812249-220,DE0 7
way/28956649-380,DE0 4
way/29077623-380,DE0 2
way/29084374-380,DE0 4
way/29309786-380,DE0 5
way/29331499-380,DE0 3
way/29374542-220,DE0 2
way/29472852-380,DE0 7
way/29713902-380,DE0 3
way/30017786-220,DE0 5
way/30039908-380,DE0 3
way/30040568-380,DE0 0
way/301158539-400,DE0 0
way/30132758-380,DE0 3
way/30164703-380,DE0 3
way/30303506-380,DE0 3
way/30613895-380,DE0 4
way/30954714-380,DE0 3
way/31024391-380,DE0 7
way/31105067-380,DE0 6
way/31131320-380,DE0 6
way/31131325-380,DE0 6
way/31367936-220,DE0 6
way/31367940-380,DE0 6
way/31653753-380,DE0 1
way/31762305-220,DE0 2
way/32042992-380,DE0 7
way/32063539-380,DE0 0
way/32076853-380,DE0 7
way/32151621-220,DE0 8
way/32318130-220,DE0 0
way/32472806-380,DE0 2
way/32690742-380,DE0 5
way/32725957-220,DE0 8
way/32843531-380,DE0 3
way/32904794-380,DE0 7
way/32966636-220,DE0 8
way/33042984-220,DE0 5
way/33169401-380,DE0 3
way/33411203-380,DE0 7
way/33816726-380,DE0 2
way/35176751-380,DE0 0
way/35763480-380,DE0 2
way/373967500-380,DE0 8
way/37554416-220,DE0 2
way/37721677-380,DE0 6
way/37764852-380,DE0 7
way/38325076-380,DE0 6
way/38661452-380,DE0 8
way/395847307-380,DE0 2
way/39688875-220,DE0 3
way/398680313-380,DE0 3
way/409305507-220,DE0 8
way/41232144-380,DE0 5
way/41334805-380,DE0 6
way/41389594-380,DE0 6
way/414169327-380,DE0 3
way/42050342-380,DE0 6
way/42097854-380,DE0 2
way/42372159-380,DE0 8
way/42410916-380,DE0 8
way/42423415-380,DE0 2
way/42488850-380,DE0 2
way/42507488-380,DE0 2
way/42560068-380,DE0 7
way/42681484-380,DE0 5
way/42736239-380,DE0 6
way/42797575-380,DE0 7
way/42799487-380,DE0 2
way/42861703-380,DE0 2
way/43163132-380,DE0 3
way/43688805-380,DE0 6
way/442199284-380,DE0 3
way/449010725-380,DE0 0
way/456386244-380,DE0 5
way/46584363-380,DE0 8
way/46615737-380,DE0 3
way/48057110-380,DE0 8
way/48428875-380,DE0 6
way/49577401-380,DE0 2
way/499165542-380,DE0 1
way/50729129-220,DE0 4
way/50898216-380,DE0 8
way/515358077-380,DE0 3
way/517421342-380,DE0 0
way/518455594-380,DE0 3
way/525964629-380,DE0 0
way/53378027-380,DE0 4
way/54359256-380,DE0 8
way/55069713-380,DE0 8
way/559702819-380,DE0 7
way/57727004-380,DE0 6
way/59026005-380,DE0 3
way/59707532-380,DE0 3
way/59925390-380,DE0 2
way/60032354-220,DE0 0
way/600395952-380,DE0 8
way/61918154-380,DE0 7
way/63114179-380,DE0 2
way/66038431-220,DE0 2
way/66764943-220,DE0 2
way/683227471-380,DE0 6
way/68532663-220,DE0 4
way/68549340-380,DE0 2
way/76246159-380,DE0 4
way/77038371-380,DE0 6
way/77694901-220,DE0 4
way/77697810-380,DE0 4
way/78441561-380,DE0 4
way/796306640-380,DE0 7
way/797009308-380,DE0 7
way/810315511-380,DE0 5
way/82773910-400,DE0 8
way/829116805-380,DE0 7
way/851299584-380,DE0 3
way/85523877-380,DE0 6
way/870598507-380,DE0 2
way/871646309-380,DE0 7
way/87653464-400,DE0 8
way/87722999-380,DE0 0
way/87767098-380,DE0 2
way/883768276-380,DE0 7
way/883768277-380,DE0 7
way/883928228-380,DE0 7
way/883928229-380,DE0 7
way/88916034-380,DE0 6
way/88945213-380,DE0 6
way/89043564-380,DE0 2
way/89176939-220,DE0 2
way/89215122-220,DE0 8
way/90148336-220,DE0 2
way/907539360-380,DE0 0
way/91854336-380,DE0 2
way/92165128-380,DE0 2
way/93278553-220,DE0 2
way/933248930-220,DE0 8
way/93341407-380,DE0 1
way/940922557-380,DE0 3
way/941198517-380,DE0 3
way/941453716-380,DE0 3
way/941805476-380,DE0 3
way/942448206-380,DE0 3
way/942771541-380,DE0 3
way/943135226-380,DE0 3
way/943939310-380,DE0 5
way/946025110-380,DE0 3
way/946710698-220,DE0 3
way/947118608-380,DE0 3
way/948341123-380,DE0 5
way/951273401-380,DE0 7
way/951773852-380,DE0 7
way/952004951-380,DE0 5
way/952346322-380,DE0 2
way/953015049-380,DE0 7
way/953757606-380,DE0 5
way/953757608-380,DE0 5
way/954971276-220,DE0 1
way/955268863-380,DE0 7
way/957746797-380,DE0 7
way/97825259-380,DE0 6
way/979801144-380,DE0 2
DK1-400,DK0 0
DK10-400,DK0 0
DK11-400,DK0 0
DK2-400,DK0 0
DK3-400,DK0 0
DK4-400,DK0 0
DK5-400,DK0 0
DK8-400,DK0 0
DK9-400,DK0 0
way/1101832649-400,DK0 0
way/1284726676-400,DK0 0
way/330079127-400,DK0 0
way/42128776-400,DK0 0
way/69412925-400,DK0 0
way/69424173-400,DK0 0
way/95713495-400,DK0 0
way/95840891-400,DK0 0
way/95868396-400,DK0 0
way/98033206-400,DK0 0
way/98212652-400,DK0 0
way/98216482-400,DK0 0
way/98524305-400,DK0 0
way/98526640-400,DK0 0
DK13-220,DK1 0
SE57-220,DK1 0
way/131339683-400,DK1 0
way/133082281-400,DK1 0
way/142321228-400,DK1 0
way/160792651-400,DK1 0
way/26452107-400,DK1 0
way/26931725-400,DK1 0
way/889061694-220,DK1 0
EE3-330,EE0 0
EE4-330,EE0 0
way/1265528535-330,EE0 0
way/34682059-330,EE0 0
way/34682089-330,EE0 0
way/34685113-330,EE0 0
way/34920699-330,EE0 0
way/34935436-330,EE0 0
way/34968224-330,EE0 0
way/35343343-330,EE0 0
way/35450930-330,EE0 0
way/743155118-330,EE0 0
way/768781614-330,EE0 0
ES1-400,ES0 2
ES10-220,ES0 2
ES100-220,ES0 0
ES101-220,ES0 2
ES102-220,ES0 2
ES103-400,ES0 2
ES104-220,ES0 2
ES105-220,ES0 2
ES106-220,ES0 2
ES108-220,ES0 0
ES109-220,ES0 2
ES11-220,ES0 2
ES117-220,ES0 2
ES12-400,ES0 2
ES121-220,ES0 0
ES124-220,ES0 0
ES125-400,ES0 2
ES126-400,ES0 0
ES127-220,ES0 2
ES128-400,ES0 2
ES129-220,ES0 2
ES13-220,ES0 2
ES130-220,ES0 2
ES133-400,ES0 0
ES134-400,ES0 2
ES135-220,ES0 0
ES136-220,ES0 2
ES139-220,ES0 0
ES14-400,ES0 2
ES140-220,ES0 0
ES143-400,ES0 0
ES144-400,ES0 0
ES145-220,ES0 0
ES147-220,ES0 2
ES148-220,ES0 0
ES151-220,ES0 2
ES152-220,ES0 0
ES153-220,ES0 0
ES154-220,ES0 0
ES155-220,ES0 0
ES158-220,ES0 2
ES159-220,ES0 2
ES160-220,ES0 0
ES161-220,ES0 0
ES162-400,ES0 0
ES164-400,ES0 2
ES165-220,ES0 0
ES167-400,ES0 2
ES168-220,ES0 0
ES169-220,ES0 0
ES170-400,ES0 0
ES171-220,ES0 0
ES172-220,ES0 0
ES173-220,ES0 0
ES174-220,ES0 0
ES175-220,ES0 0
ES176-220,ES0 0
ES18-400,ES0 2
ES180-400,ES0 0
ES182-220,ES0 2
ES183-220,ES0 2
ES185-400,ES0 0
ES186-400,ES0 0
ES187-220,ES0 0
ES190-400,ES0 0
ES191-220,ES0 2
ES193-220,ES0 0
ES194-220,ES0 0
ES196-400,ES0 2
ES197-400,ES0 0
ES199-400,ES0 0
ES20-400,ES0 2
ES200-400,ES0 2
ES201-400,ES0 0
ES203-400,ES0 2
ES204-400,ES0 2
ES205-400,ES0 2
ES206-400,ES0 2
ES207-400,ES0 2
ES208-400,ES0 2
ES209-220,ES0 2
ES21-220,ES0 2
ES210-400,ES0 2
ES212-400,ES0 2
ES213-220,ES0 2
ES214-220,ES0 2
ES218-220,ES0 2
ES22-400,ES0 2
ES222-400,ES0 2
ES223-220,ES0 2
ES226-220,ES0 2
ES227-220,ES0 2
ES228-400,ES0 2
ES23-400,ES0 2
ES231-220,ES0 2
ES233-220,ES0 2
ES234-220,ES0 2
ES236-220,ES0 2
ES237-220,ES0 2
ES238-220,ES0 2
ES239-220,ES0 2
ES240-220,ES0 2
ES241-220,ES0 2
ES243-400,ES0 2
ES247-220,ES0 2
ES248-220,ES0 2
ES249-400,ES0 2
ES25-400,ES0 2
ES250-400,ES0 0
ES251-220,ES0 2
ES252-220,ES0 2
ES253-220,ES0 2
ES255-220,ES0 0
ES256-400,ES0 0
ES257-400,ES0 0
ES258-400,ES0 2
ES259-220,ES0 2
ES26-400,ES0 2
ES261-220,ES0 2
ES263-220,ES0 0
ES264-220,ES0 0
ES265-220,ES0 1
ES266-220,ES0 1
ES267-400,ES0 1
ES269-220,ES0 1
ES27-220,ES0 2
ES272-220,ES0 1
ES273-220,ES0 0
ES274-220,ES0 0
ES275-220,ES0 1
ES278-220,ES0 0
ES279-400,ES0 0
ES28-220,ES0 2
ES280-400,ES0 0
ES285-220,ES0 1
ES287-220,ES0 0
ES29-400,ES0 2
ES290-220,ES0 0
ES291-220,ES0 0
ES292-400,ES0 0
ES293-400,ES0 1
ES294-220,ES0 1
ES296-220,ES0 0
ES299-400,ES0 0
ES3-220,ES0 2
ES30-400,ES0 2
ES302-400,ES0 0
ES306-220,ES0 0
ES309-220,ES0 1
ES31-400,ES0 2
ES310-220,ES0 1
ES313-220,ES0 1
ES315-400,ES0 0
ES316-220,ES0 1
ES32-220,ES0 2
ES320-220,ES0 1
ES321-400,ES0 0
ES323-220,ES0 0
ES324-220,ES0 0
ES325-220,ES0 1
ES327-220,ES0 1
ES328-220,ES0 1
ES329-400,ES0 0
ES33-400,ES0 2
ES330-400,ES0 0
ES331-220,ES0 1
ES332-220,ES0 0
ES337-220,ES0 1
ES338-220,ES0 1
ES339-220,ES0 1
ES34-220,ES0 2
ES340-220,ES0 0
ES341-220,ES0 1
ES342-220,ES0 1
ES344-220,ES0 0
ES346-220,ES0 1
ES347-220,ES0 1
ES348-220,ES0 1
ES349-220,ES0 1
ES35-400,ES0 2
ES350-220,ES0 1
ES351-220,ES0 1
ES352-220,ES0 1
ES353-220,ES0 1
ES354-220,ES0 1
ES355-220,ES0 1
ES356-220,ES0 1
ES357-220,ES0 1
ES358-220,ES0 1
ES36-220,ES0 2
ES360-400,ES0 1
ES361-400,ES0 1
ES362-400,ES0 1
ES363-220,ES0 1
ES365-220,ES0 1
ES366-400,ES0 1
ES367-220,ES0 1
ES369-220,ES0 1
ES37-400,ES0 2
ES370-220,ES0 1
ES371-220,ES0 1
ES372-220,ES0 1
ES373-220,ES0 1
ES374-220,ES0 1
ES375-220,ES0 1
ES376-220,ES0 1
ES378-220,ES0 1
ES379-220,ES0 1
ES38-400,ES0 2
ES381-220,ES0 1
ES382-220,ES0 1
ES39-220,ES0 2
ES40-400,ES0 2
ES43-220,ES0 2
ES44-220,ES0 2
ES46-220,ES0 2
ES48-220,ES0 2
ES49-220,ES0 2
ES50-220,ES0 2
ES51-220,ES0 2
ES52-220,ES0 2
ES55-220,ES0 2
ES56-220,ES0 2
ES58-220,ES0 2
ES6-220,ES0 2
ES60-220,ES0 2
ES62-220,ES0 2
ES65-220,ES0 2
ES68-400,ES0 2
ES69-220,ES0 0
ES7-220,ES0 2
ES71-220,ES0 2
ES72-220,ES0 0
ES73-400,ES0 2
ES74-220,ES0 2
ES75-220,ES0 2
ES77-400,ES0 2
ES78-400,ES0 2
ES8-400,ES0 2
ES81-220,ES0 2
ES82-220,ES0 2
ES84-220,ES0 2
ES87-220,ES0 2
ES88-220,ES0 2
ES9-400,ES0 2
ES90-220,ES0 2
ES92-220,ES0 2
ES93-220,ES0 2
ES94-220,ES0 2
ES95-220,ES0 2
ES97-400,ES0 2
ES98-220,ES0 2
ES99-220,ES0 2
relation/15715982-400,ES0 2
relation/16809528-400,ES0 0
relation/17148268-400,ES0 1
relation/17319555-220,ES0 0
relation/17444204-400,ES0 2
relation/17678185-220,ES0 0
relation/17805735-220,ES0 2
way/101078312-220,ES0 2
way/101953901-400,ES0 2
way/1028926498-400,ES0 0
way/103158873-400,ES0 2
way/103190094-220,ES0 0
way/103511952-400,ES0 2
way/104020696-400,ES0 0
way/104026138-220,ES0 2
way/104370242-400,ES0 2
way/104730022-220,ES0 2
way/105259481-400,ES0 2
way/110506713-220,ES0 0
way/111584995-220,ES0 0
way/1141933143-400,ES0 2
way/1153834517-400,ES0 2
way/1154224087-225,ES0 0
way/115680075-400,ES0 2
way/118057369-400,ES0 2
way/118641117-220,ES0 2
way/1218840771-400,ES0 2
way/1232240349-220,ES0 2
way/124121964-400,ES0 0
way/1243143644-220,ES0 2
way/1245390527-220,ES0 2
way/1246090890-220,ES0 0
way/1246115410-400,ES0 1
way/1252105002-220,ES0 2
way/1252514183-220,ES0 0
way/1255236015-220,ES0 0
way/1257151190-220,ES0 0
way/126100935-220,ES0 0
way/1262644008-220,ES0 0
way/1262722032-400,ES0 1
way/1262722037-220,ES0 1
way/1262731213-400,ES0 1
way/1266061515-220,ES0 0
way/1266081844-400,ES0 0
way/1266109989-400,ES0 0
way/1267694217-400,ES0 1
way/1267909080-220,ES0 0
way/126881765-400,ES0 0
way/126987023-400,ES0 0
way/1273759380-220,ES0 1
way/127528728-220,ES0 0
way/1275359449-220,ES0 2
way/127605081-220,ES0 0
way/1277630152-400,ES0 0
way/127787669-400,ES0 0
way/128873801-220,ES0 0
way/129441519-400,ES0 0
way/129767234-400,ES0 0
way/134884956-400,ES0 2
way/140011919-400,ES0 0
way/140781473-220,ES0 2
way/143207685-400,ES0 0
way/143207686-220,ES0 0
way/143483652-220,ES0 2
way/143483653-220,ES0 2
way/143483666-400,ES0 2
way/144138407-220,ES0 2
way/144138410-220,ES0 2
way/144138420-400,ES0 2
way/144156731-220,ES0 2
way/144233436-220,ES0 2
way/144297377-220,ES0 2
way/144297424-220,ES0 2
way/144297438-220,ES0 2
way/144306676-220,ES0 2
way/144312477-220,ES0 2
way/144312479-220,ES0 2
way/144327151-220,ES0 2
way/144327157-400,ES0 2
way/144487932-400,ES0 1
way/144767090-400,ES0 1
way/144767096-400,ES0 1
way/144787749-400,ES0 1
way/144812118-220,ES0 1
way/144813618-220,ES0 1
way/144827711-220,ES0 1
way/144909709-400,ES0 1
way/144909722-400,ES0 1
way/144909723-400,ES0 0
way/144915428-400,ES0 0
way/144915438-400,ES0 0
way/144922719-220,ES0 0
way/144926472-220,ES0 0
way/144931782-400,ES0 0
way/144933376-400,ES0 0
way/144941889-400,ES0 0
way/144942113-400,ES0 0
way/145171008-400,ES0 0
way/145302700-400,ES0 0
way/145302702-220,ES0 0
way/145316518-220,ES0 0
way/145326592-220,ES0 0
way/145333039-220,ES0 2
way/145337069-220,ES0 2
way/145456411-220,ES0 1
way/145461765-400,ES0 1
way/145466007-220,ES0 1
way/145478409-220,ES0 1
way/145599515-220,ES0 1
way/145821099-220,ES0 0
way/145823172-400,ES0 0
way/151490968-220,ES0 1
way/158620489-220,ES0 0
way/159930931-400,ES0 2
way/164823726-220,ES0 1
way/165580300-400,ES0 0
way/168357739-400,ES0 1
way/168358225-400,ES0 2
way/169523046-400,ES0 0
way/169528510-220,ES0 0
way/169703140-220,ES0 0
way/169703141-220,ES0 0
way/169729505-400,ES0 0
way/169769013-220,ES0 0
way/169867109-400,ES0 0
way/169882238-220,ES0 0
way/169882239-220,ES0 0
way/169883205-400,ES0 2
way/169947613-220,ES0 0
way/169999915-400,ES0 0
way/170140947-220,ES0 0
way/170156685-220,ES0 0
way/170371019-220,ES0 2
way/170424446-400,ES0 1
way/170424447-400,ES0 1
way/170424455-400,ES0 1
way/170433606-220,ES0 1
way/170485452-220,ES0 2
way/170485453-400,ES0 2
way/170511092-400,ES0 2
way/170519401-220,ES0 2
way/170607798-220,ES0 2
way/170671537-220,ES0 2
way/170779407-220,ES0 1
way/170779408-220,ES0 1
way/170946426-400,ES0 1
way/170954487-400,ES0 1
way/170968145-400,ES0 1
way/170968150-220,ES0 1
way/171071300-220,ES0 1
way/171106850-220,ES0 1
way/171251565-400,ES0 0
way/171256169-400,ES0 0
way/171274139-220,ES0 0
way/171277174-220,ES0 0
way/171277691-220,ES0 0
way/171419971-220,ES0 0
way/171560239-220,ES0 1
way/172454609-220,ES0 2
way/173191596-220,ES0 2
way/178294745-400,ES0 0
way/179492338-220,ES0 0
way/180545587-220,ES0 0
way/181621073-220,ES0 2
way/181664117-400,ES0 1
way/181906370-400,ES0 0
way/181912569-400,ES0 0
way/181917947-220,ES0 0
way/187392726-220,ES0 2
way/187645709-400,ES0 2
way/187830917-220,ES0 1
way/189184531-400,ES0 2
way/189184555-400,ES0 2
way/189577215-400,ES0 2
way/190058570-400,ES0 2
way/190098039-220,ES0 2
way/190110739-400,ES0 2
way/190236352-400,ES0 2
way/190249315-220,ES0 0
way/190249507-220,ES0 0
way/190289523-220,ES0 0
way/190907238-220,ES0 2
way/191053032-220,ES0 1
way/191095881-220,ES0 2
way/191485195-400,ES0 2
way/194360413-220,ES0 2
way/194699926-220,ES0 2
way/194699929-220,ES0 2
way/196202210-220,ES0 2
way/196202213-400,ES0 2
way/196207063-400,ES0 2
way/196215046-400,ES0 2
way/196483351-220,ES0 2
way/196484252-220,ES0 2
way/196522660-220,ES0 2
way/196533213-220,ES0 2
way/196544701-220,ES0 0
way/202891403-400,ES0 2
way/205141906-220,ES0 2
way/217745445-400,ES0 2
way/221193996-220,ES0 2
way/222873301-220,ES0 1
way/222895334-400,ES0 1
way/222901014-220,ES0 1
way/226363063-400,ES0 2
way/226886241-400,ES0 2
way/23882397-220,ES0 2
way/258916144-220,ES0 0
way/27668869-400,ES0 2
way/27936937-400,ES0 2
way/27937443-220,ES0 2
way/27949649-400,ES0 2
way/28048116-220,ES0 2
way/28308003-400,ES0 2
way/283348372-400,ES0 2
way/28400958-220,ES0 2
way/28491137-220,ES0 2
way/28526748-220,ES0 2
way/28526821-220,ES0 2
way/28648202-220,ES0 0
way/28683005-400,ES0 2
way/28683269-220,ES0 2
way/291666290-220,ES0 2
way/292277455-220,ES0 1
way/31110032-225,ES0 2
way/325432908-220,ES0 2
way/327268322-400,ES0 1
way/33771314-400,ES0 0
way/338683860-220,ES0 1
way/340399370-400,ES0 0
way/34585227-400,ES0 0
way/346490586-220,ES0 2
way/365551344-220,ES0 2
way/370803224-220,ES0 0
way/39827901-220,ES0 0
way/399055749-220,ES0 0
way/411107082-220,ES0 0
way/419408372-220,ES0 2
way/43797051-220,ES0 1
way/43842955-400,ES0 2
way/445989313-220,ES0 0
way/44633677-220,ES0 1
way/457010443-220,ES0 1
way/46106589-220,ES0 1
way/47367769-220,ES0 2
way/47842260-400,ES0 2
way/47908906-220,ES0 2
way/47911346-400,ES0 2
way/48304858-220,ES0 2
way/48310486-220,ES0 2
way/48467553-220,ES0 2
way/49252090-220,ES0 0
way/49258709-220,ES0 0
way/51188420-400,ES0 1
way/51822825-400,ES0 2
way/52516392-400,ES0 2
way/56137765-400,ES0 2
way/576439241-400,ES0 1
way/586348408-220,ES0 0
way/58928252-400,ES0 2
way/60063660-400,ES0 2
way/60342307-220,ES0 0
way/60351390-400,ES0 0
way/60354466-220,ES0 2
way/60398296-220,ES0 2
way/626886449-400,ES0 2
way/651711449-400,ES0 1
way/666476490-220,ES0 1
way/675714143-400,ES0 0
way/677413570-400,ES0 2
way/683693772-400,ES0 0
way/683892938-400,ES0 0
way/701397734-400,ES0 2
way/71796402-400,ES0 0
way/729485840-400,ES0 0
way/731605861-220,ES0 2
way/73511619-400,ES0 2
way/73683435-220,ES0 2
way/74384031-400,ES0 2
way/75606778-400,ES0 0
way/75619319-220,ES0 0
way/75902880-400,ES0 1
way/772400244-400,ES0 1
way/77640470-400,ES0 0
way/77654729-400,ES0 0
way/782365013-220,ES0 1
way/789683722-220,ES0 0
way/81152317-400,ES0 2
way/828193563-220,ES0 2
way/84526032-400,ES0 1
way/84883895-220,ES0 2
way/85817084-400,ES0 2
way/86512030-400,ES0 2
way/88760627-400,ES0 2
way/89084456-220,ES0 0
way/90829734-400,ES0 0
way/913515391-220,ES0 1
way/91441017-220,ES0 1
way/921541546-400,ES0 0
way/931793946-400,ES0 1
way/970599107-220,ES0 0
way/97286424-400,ES0 1
way/977168018-220,ES0 1
way/97937366-400,ES0 1
way/983523978-400,ES0 2
way/989699715-400,ES0 1
way/991952490-220,ES0 1
way/139280545-220,ES6 0
way/139280769-220,ES6 0
way/148347794-220,ES6 0
way/347643820-220,ES6 0
way/81409681-220,ES6 0
FI1-220,FI1 1
FI10-400,FI1 0
FI11-400,FI1 0
FI12-400,FI1 0
FI13-400,FI1 0
FI14-400,FI1 0
FI15-400,FI1 0
FI16-400,FI1 0
FI17-400,FI1 0
FI18-400,FI1 0
FI19-400,FI1 0
FI20-400,FI1 0
FI21-400,FI1 0
FI22-400,FI1 0
FI25-400,FI1 0
FI26-400,FI1 0
FI27-400,FI1 0
FI29-400,FI1 0
FI3-400,FI1 1
FI30-400,FI1 0
FI31-400,FI1 0
FI32-400,FI1 0
FI33-400,FI1 0
FI34-400,FI1 0
FI35-400,FI1 0
FI36-400,FI1 0
FI37-400,FI1 0
FI38-400,FI1 0
FI4-400,FI1 1
FI8-400,FI1 0
way/1107461441-400,FI1 1
way/1155254820-400,FI1 0
way/1159141282-220,FI1 1
way/123462491-400,FI1 0
way/1275744419-400,FI1 0
way/128463750-400,FI1 1
way/1286130176-400,FI1 0
way/1306874220-400,FI1 1
way/136068907-400,FI1 0
way/144383819-400,FI1 1
way/144832705-400,FI1 1
way/149965733-400,FI1 1
way/149965739-400,FI1 1
way/150209972-400,FI1 0
way/151818544-400,FI1 0
way/159532385-400,FI1 0
way/167705754-400,FI1 0
way/173431802-400,FI1 0
way/208979069-400,FI1 1
way/238856422-400,FI1 0
way/239242345-400,FI1 0
way/26619335-400,FI1 0
way/27674611-400,FI1 0
way/286955409-400,FI1 1
way/28820749-400,FI1 0
way/314853393-220,FI1 1
way/34623113-400,FI1 0
way/348003562-400,FI1 0
way/348358044-400,FI1 1
way/35281467-400,FI1 1
way/379937972-220,FI1 1
way/388655178-400,FI1 1
way/391140226-400,FI1 1
way/391142388-220,FI1 1
way/391145068-220,FI1 1
way/43143343-400,FI1 1
way/47317827-400,FI1 1
way/53047196-400,FI1 0
way/544156119-400,FI1 1
way/551596913-400,FI1 1
way/55275882-400,FI1 0
way/55609623-220,FI1 1
way/590767557-400,FI1 0
way/620351437-220,FI1 1
way/881741424-400,FI1 1
way/95392702-400,FI1 0
way/96660466-400,FI1 0
way/98561229-400,FI1 1
way/98589905-400,FI1 0
way/98613134-400,FI1 0
way/98735006-400,FI1 0
CH48-225,FR0 4
CH49-225,FR0 4
CH51-400,FR0 3
FR100-225,FR0 2
FR101-225,FR0 1
FR102-400,FR0 4
FR103-225,FR0 3
FR104-225,FR0 3
FR105-225,FR0 3
FR106-225,FR0 3
FR107-225,FR0 5
FR108-225,FR0 5
FR109-225,FR0 2
FR110-400,FR0 2
FR111-225,FR0 1
FR112-225,FR0 3
FR113-225,FR0 5
FR115-225,FR0 1
FR117-225,FR0 5
FR118-225,FR0 5
FR119-225,FR0 5
FR121-225,FR0 5
FR122-225,FR0 3
FR123-225,FR0 3
FR124-225,FR0 3
FR125-225,FR0 3
FR128-400,FR0 3
FR129-225,FR0 4
FR130-225,FR0 0
FR131-225,FR0 3
FR132-225,FR0 0
FR134-225,FR0 1
FR135-225,FR0 1
FR136-400,FR0 3
FR137-225,FR0 3
FR139-225,FR0 3
FR140-225,FR0 0
FR141-225,FR0 0
FR142-225,FR0 3
FR143-225,FR0 3
FR144-225,FR0 3
FR145-225,FR0 3
FR146-225,FR0 0
FR148-225,FR0 0
FR149-225,FR0 0
FR15-400,FR0 4
FR150-225,FR0 0
FR151-225,FR0 0
FR153-225,FR0 0
FR154-225,FR0 0
FR156-225,FR0 6
FR157-225,FR0 3
FR158-225,FR0 0
FR159-400,FR0 7
FR16-225,FR0 2
FR160-225,FR0 6
FR161-400,FR0 7
FR162-225,FR0 6
FR163-400,FR0 7
FR164-225,FR0 7
FR165-225,FR0 7
FR166-225,FR0 7
FR167-225,FR0 0
FR168-225,FR0 0
FR169-225,FR0 0
FR170-225,FR0 0
FR171-225,FR0 0
FR172-225,FR0 7
FR173-225,FR0 6
FR174-225,FR0 0
FR175-225,FR0 7
FR176-225,FR0 0
FR177-225,FR0 6
FR178-225,FR0 0
FR179-225,FR0 0
FR180-225,FR0 0
FR181-400,FR0 7
FR182-225,FR0 6
FR183-225,FR0 0
FR185-225,FR0 0
FR186-225,FR0 0
FR187-225,FR0 0
FR188-225,FR0 0
FR189-225,FR0 0
FR19-225,FR0 2
FR190-225,FR0 0
FR191-225,FR0 0
FR192-400,FR0 0
FR193-225,FR0 6
FR195-225,FR0 0
FR196-225,FR0 6
FR197-225,FR0 0
FR198-225,FR0 0
FR199-225,FR0 0
FR2-225,FR0 2
FR200-225,FR0 0
FR201-225,FR0 0
FR202-225,FR0 0
FR203-225,FR0 0
FR204-225,FR0 0
FR22-225,FR0 2
FR23-225,FR0 2
FR24-225,FR0 2
FR25-225,FR0 2
FR26-225,FR0 4
FR27-225,FR0 4
FR29-225,FR0 2
FR3-225,FR0 2
FR30-225,FR0 2
FR31-225,FR0 4
FR32-225,FR0 5
FR33-225,FR0 5
FR34-400,FR0 4
FR35-225,FR0 5
FR36-225,FR0 2
FR37-225,FR0 4
FR38-225,FR0 2
FR39-225,FR0 4
FR40-400,FR0 2
FR41-225,FR0 2
FR42-225,FR0 2
FR45-225,FR0 4
FR46-225,FR0 2
FR47-225,FR0 2
FR48-225,FR0 2
FR49-225,FR0 2
FR51-225,FR0 2
FR52-225,FR0 2
FR53-225,FR0 2
FR55-225,FR0 2
FR57-225,FR0 2
FR58-225,FR0 2
FR59-225,FR0 2
FR6-225,FR0 2
FR60-225,FR0 2
FR61-225,FR0 2
FR63-400,FR0 2
FR65-225,FR0 4
FR67-225,FR0 4
FR68-225,FR0 2
FR7-225,FR0 2
FR70-225,FR0 2
FR71-225,FR0 2
FR72-225,FR0 2
FR73-225,FR0 2
FR74-225,FR0 2
FR75-225,FR0 4
FR76-225,FR0 4
FR77-400,FR0 4
FR78-400,FR0 4
FR79-225,FR0 5
FR81-225,FR0 5
FR82-225,FR0 5
FR83-225,FR0 4
FR84-400,FR0 2
FR85-225,FR0 1
FR86-225,FR0 4
FR87-225,FR0 2
FR88-225,FR0 4
FR89-225,FR0 4
FR9-225,FR0 2
FR90-225,FR0 4
FR91-225,FR0 2
FR92-225,FR0 2
FR93-225,FR0 2
FR94-225,FR0 4
FR95-400,FR0 4
FR96-400,FR0 4
FR97-225,FR0 5
FR98-225,FR0 4
FR99-225,FR0 5
relation/13260100-400,FR0 2
relation/13260224-225,FR0 2
relation/15956164-225,FR0 2
relation/1604500-225,FR0 6
way/100021432-225,FR0 5
way/100087916-400,FR0 0
way/1000881525-400,FR0 6
way/100500802-400,FR0 0
way/101086962-225,FR0 2
way/101108382-225,FR0 0
way/101207712-225,FR0 0
way/101217260-225,FR0 5
way/101228343-225,FR0 2
way/101494744-225,FR0 3
way/103365741-225,FR0 2
way/103921705-225,FR0 0
way/103960552-225,FR0 2
way/104008765-225,FR0 6
way/1041877812-225,FR0 2
way/104240116-225,FR0 0
way/104481448-225,FR0 0
way/1046982647-225,FR0 5
way/105197514-225,FR0 0
way/105202875-225,FR0 0
way/105515586-400,FR0 7
way/105571340-400,FR0 7
way/105630888-400,FR0 1
way/1056316394-225,FR0 3
way/105652436-225,FR0 1
way/105652455-225,FR0 1
way/105690676-400,FR0 1
way/105783300-400,FR0 1
way/105840884-400,FR0 7
way/105913465-400,FR0 7
way/105913481-225,FR0 5
way/106284701-225,FR0 2
way/1067248696-225,FR0 2
way/107121899-225,FR0 0
way/1076166858-225,FR0 2
way/108084125-225,FR0 5
way/108089073-225,FR0 5
way/1081289679-225,FR0 0
way/1091109862-225,FR0 6
way/109817708-400,FR0 6
way/109859712-400,FR0 6
way/110086345-400,FR0 0
way/110443404-400,FR0 7
way/110450456-400,FR0 1
way/110468028-225,FR0 6
way/110522458-225,FR0 1
way/110542740-225,FR0 5
way/110602470-225,FR0 0
way/111265307-225,FR0 2
way/111276881-225,FR0 6
way/111414142-400,FR0 7
way/111449797-225,FR0 7
way/111456385-400,FR0 7
way/111458307-400,FR0 7
way/111558550-400,FR0 7
way/111558561-225,FR0 7
way/111769053-225,FR0 0
way/111816982-225,FR0 5
way/1121036738-225,FR0 4
way/112310487-225,FR0 5
way/112342683-400,FR0 5
way/112893617-400,FR0 1
way/112925040-225,FR0 6
way/113338234-225,FR0 6
way/114018928-400,FR0 0
way/114254761-225,FR0 3
way/114355666-400,FR0 5
way/114359287-225,FR0 6
way/114363583-400,FR0 3
way/114730382-225,FR0 0
way/115437692-225,FR0 6
way/115476080-225,FR0 1
way/116168269-225,FR0 5
way/1162035523-225,FR0 2
way/116670124-225,FR0 2
way/116702384-225,FR0 2
way/117350758-400,FR0 2
way/117421453-225,FR0 1
way/117446403-400,FR0 1
way/117537715-225,FR0 4
way/117810798-225,FR0 3
way/117893799-400,FR0 2
way/117975440-400,FR0 2
way/118079877-400,FR0 4
way/118086309-400,FR0 4
way/118121876-400,FR0 3
way/118127416-225,FR0 0
way/118133021-225,FR0 3
way/118133060-225,FR0 3
way/118133898-225,FR0 5
way/118213015-225,FR0 0
way/118216358-225,FR0 2
way/118216361-225,FR0 2
way/118260031-225,FR0 2
way/118387083-400,FR0 2
way/118387084-225,FR0 2
way/118400622-225,FR0 6
way/118400623-225,FR0 6
way/118591672-225,FR0 4
way/118655802-400,FR0 4
way/118684662-225,FR0 0
way/118727701-225,FR0 3
way/119048154-225,FR0 2
way/1198130346-225,FR0 4
way/120464542-225,FR0 4
way/120522167-225,FR0 4
way/120553316-225,FR0 4
way/120707003-400,FR0 2
way/120861987-225,FR0 4
way/121024004-225,FR0 4
way/121087628-225,FR0 6
way/121101846-225,FR0 0
way/121116528-225,FR0 4
way/121152763-225,FR0 6
way/121161175-225,FR0 0
way/121297422-400,FR0 0
way/121499607-225,FR0 0
way/121500497-400,FR0 0
way/122061929-225,FR0 3
way/122104435-225,FR0 3
way/122361853-225,FR0 3
way/122411058-225,FR0 4
way/122563466-400,FR0 3
way/122568639-225,FR0 3
way/122748502-225,FR0 3
way/122752897-225,FR0 3
way/122755047-225,FR0 3
way/122755068-225,FR0 5
way/122923029-225,FR0 3
way/123120808-225,FR0 4
way/1231941645-225,FR0 0
way/1236363679-225,FR0 1
way/1236930242-225,FR0 6
way/125003945-225,FR0 4
way/125076979-225,FR0 3
way/125164718-225,FR0 7
way/125494395-225,FR0 3
way/125495792-225,FR0 3
way/125550372-225,FR0 5
way/125721667-225,FR0 3
way/126417428-225,FR0 4
way/1271288345-400,FR0 2
way/1272896526-225,FR0 4
way/1275810585-400,FR0 2
way/128106453-225,FR0 3
way/128524174-225,FR0 7
way/129026531-225,FR0 4
way/129378915-400,FR0 4
way/129440971-225,FR0 2
way/129581885-225,FR0 2
way/129614642-225,FR0 2
way/129624451-225,FR0 2
way/129631438-225,FR0 4
way/129662180-225,FR0 2
way/129830455-225,FR0 6
way/130017468-225,FR0 2
way/130132975-225,FR0 4
way/130459448-225,FR0 6
way/130549366-225,FR0 3
way/130562947-225,FR0 3
way/130595758-225,FR0 6
way/130659505-225,FR0 3
way/130792479-225,FR0 0
way/131317126-225,FR0 2
way/1328928952-225,FR0 2
way/133400747-225,FR0 2
way/133637359-225,FR0 0
way/133667044-225,FR0 2
way/133868507-225,FR0 3
way/134147651-225,FR0 7
way/135183628-225,FR0 0
way/135314787-225,FR0 0
way/135585545-225,FR0 7
way/135727900-225,FR0 0
way/135855286-225,FR0 6
way/136068611-225,FR0 3
way/136326140-225,FR0 6
way/136416550-225,FR0 3
way/137083764-225,FR0 3
way/137191333-225,FR0 3
way/137365310-225,FR0 2
way/137474877-225,FR0 1
way/138108387-225,FR0 1
way/138149900-225,FR0 2
way/138278216-225,FR0 1
way/138382023-400,FR0 4
way/138610604-225,FR0 7
way/138787590-225,FR0 6
way/138979502-225,FR0 6
way/139098414-225,FR0 6
way/139593701-225,FR0 0
way/139834740-225,FR0 1
way/142360067-225,FR0 7
way/142420422-225,FR0 7
way/142456148-225,FR0 5
way/142456170-225,FR0 5
way/142456176-225,FR0 3
way/142505460-225,FR0 5
way/142571672-225,FR0 7
way/143283235-225,FR0 2
way/144099634-225,FR0 0
way/146360237-225,FR0 1
way/146360243-225,FR0 5
way/146360244-225,FR0 5
way/146366949-225,FR0 1
way/146402374-225,FR0 4
way/146449309-400,FR0 0
way/146449312-225,FR0 4
way/146449314-225,FR0 4
way/146534501-225,FR0 2
way/146534504-225,FR0 2
way/146534507-225,FR0 2
way/146590045-225,FR0 0
way/146590048-225,FR0 0
way/146695955-400,FR0 5
way/146744609-225,FR0 2
way/147132682-225,FR0 0
way/147132685-400,FR0 0
way/147132690-400,FR0 0
way/147132693-225,FR0 0
way/147174230-225,FR0 6
way/147174234-225,FR0 5
way/147174244-225,FR0 5
way/147174246-225,FR0 0
way/147174253-225,FR0 0
way/147187631-225,FR0 2
way/147187633-225,FR0 2
way/147394004-225,FR0 7
way/147394005-225,FR0 0
way/147394006-225,FR0 5
way/147394007-225,FR0 0
way/147394008-225,FR0 2
way/147394009-225,FR0 5
way/147394010-225,FR0 0
way/147394011-225,FR0 4
way/147394012-225,FR0 3
way/147394015-225,FR0 4
way/147394016-225,FR0 5
way/147398275-225,FR0 2
way/147398276-225,FR0 4
way/147398278-225,FR0 4
way/147398279-225,FR0 4
way/147580956-225,FR0 2
way/147580961-225,FR0 0
way/147580963-225,FR0 2
way/147580965-225,FR0 2
way/147580968-225,FR0 0
way/147580973-225,FR0 2
way/147580978-225,FR0 2
way/147580984-225,FR0 2
way/147580985-225,FR0 0
way/147580994-225,FR0 0
way/147580996-225,FR0 2
way/147581003-225,FR0 2
way/147581004-225,FR0 1
way/148059534-225,FR0 0
way/148059535-225,FR0 2
way/148059537-225,FR0 0
way/148564021-225,FR0 0
way/150329778-225,FR0 0
way/150366395-225,FR0 0
way/152120009-225,FR0 1
way/152778326-225,FR0 7
way/152835217-225,FR0 1
way/154391107-225,FR0 1
way/158232795-225,FR0 2
way/159167277-400,FR0 4
way/162540710-400,FR0 2
way/16287586-225,FR0 6
way/165830069-225,FR0 2
way/165966009-225,FR0 2
way/166057222-225,FR0 2
way/166073883-400,FR0 1
way/169393427-225,FR0 2
way/169799372-225,FR0 2
way/170028621-400,FR0 2
way/170184991-225,FR0 2
way/171051788-225,FR0 0
way/177428102-225,FR0 4
way/177964767-225,FR0 5
way/177964771-225,FR0 5
way/178995408-225,FR0 4
way/179260933-400,FR0 3
way/179848961-225,FR0 1
way/180569105-225,FR0 2
way/182816228-225,FR0 0
way/183105308-225,FR0 0
way/183182430-225,FR0 0
way/183215456-225,FR0 4
way/183818442-225,FR0 0
way/184492595-225,FR0 4
way/188144496-400,FR0 2
way/193292042-400,FR0 4
way/196073443-225,FR0 4
way/197040234-225,FR0 2
way/199093574-225,FR0 2
way/199229562-400,FR0 0
way/203122176-225,FR0 4
way/204349873-225,FR0 4
way/207292011-225,FR0 4
way/207479669-225,FR0 7
way/208424341-225,FR0 0
way/210389707-400,FR0 5
way/211875283-225,FR0 2
way/214483816-400,FR0 4
way/214858101-225,FR0 0
way/219639224-225,FR0 2
way/222188543-400,FR0 5
way/225210595-400,FR0 4
way/226898600-225,FR0 6
way/228049601-225,FR0 0
way/22873838-225,FR0 2
way/22873840-225,FR0 2
way/22938964-225,FR0 6
way/229597405-400,FR0 0
way/231157304-225,FR0 2
way/231157312-225,FR0 2
way/23286313-400,FR0 1
way/23287448-400,FR0 2
way/235370803-400,FR0 7
way/24020441-400,FR0 3
way/24020601-400,FR0 3
way/24025291-400,FR0 3
way/24035563-225,FR0 6
way/241189382-400,FR0 0
way/243285438-225,FR0 3
way/244036491-225,FR0 2
way/247427865-225,FR0 2
way/24849819-400,FR0 2
way/24913871-225,FR0 2
way/24919917-225,FR0 2
way/24923808-225,FR0 2
way/24990664-225,FR0 2
way/260211728-380,FR0 0
way/260579119-225,FR0 0
way/26272450-225,FR0 6
way/26376732-225,FR0 2
way/26376870-400,FR0 6
way/26395237-225,FR0 6
way/265745327-225,FR0 0
way/26813222-225,FR0 2
way/270540194-225,FR0 2
way/27259817-400,FR0 0
way/273536873-225,FR0 0
way/27428702-225,FR0 0
way/27558020-225,FR0 7
way/27768969-225,FR0 0
way/278718504-225,FR0 0
way/27951432-400,FR0 1
way/28706541-225,FR0 2
way/28761900-225,FR0 2
way/29088787-400,FR0 2
way/292180238-225,FR0 2
way/292629713-225,FR0 2
way/294002018-225,FR0 7
way/295403868-400,FR0 4
way/299860588-225,FR0 2
way/299862996-225,FR0 7
way/30292953-400,FR0 2
way/307228675-225,FR0 2
way/312728271-400,FR0 6
way/318195497-225,FR0 2
way/318502246-400,FR0 3
way/32067290-225,FR0 2
way/32196554-400,FR0 4
way/327505353-225,FR0 2
way/327505354-225,FR0 2
way/32876673-225,FR0 2
way/33113310-225,FR0 2
way/338324854-225,FR0 2
way/33973725-225,FR0 4
way/34198056-400,FR0 2
way/34349978-225,FR0 2
way/34387620-225,FR0 2
way/34398164-225,FR0 2
way/34398358-225,FR0 2
way/350044068-225,FR0 2
way/35206465-225,FR0 2
way/35538714-225,FR0 2
way/36286080-225,FR0 2
way/36805588-400,FR0 2
way/374150877-225,FR0 2
way/378126683-225,FR0 6
way/38073132-225,FR0 1
way/38830347-225,FR0 4
way/392683619-225,FR0 4
way/39389229-400,FR0 4
way/39407602-225,FR0 5
way/397885581-225,FR0 0
way/40266681-225,FR0 0
way/403385451-225,FR0 3
way/405909509-225,FR0 0
way/406691575-225,FR0 4
way/41436841-225,FR0 2
way/41591146-225,FR0 2
way/416438053-225,FR0 0
way/416438054-225,FR0 0
way/41829825-400,FR0 2
way/41834104-225,FR0 2
way/432466512-400,FR0 5
way/434500830-225,FR0 1
way/440538762-225,FR0 3
way/440600377-225,FR0 2
way/442651900-400,FR0 2
way/44357629-225,FR0 4
way/444069687-400,FR0 2
way/44448089-225,FR0 2
way/445088111-225,FR0 2
way/448355914-400,FR0 1
way/448722478-400,FR0 0
way/44883864-400,FR0 1
way/454932860-225,FR0 3
way/455245314-225,FR0 6
way/46172440-225,FR0 2
way/467599626-225,FR0 0
way/467775702-400,FR0 5
way/467799728-225,FR0 3
way/468096792-225,FR0 4
way/473670083-225,FR0 3
way/474926055-225,FR0 2
way/47633664-225,FR0 0
way/47660196-225,FR0 4
way/47739331-225,FR0 3
way/479781321-225,FR0 1
way/484952897-225,FR0 5
way/48815655-225,FR0 4
way/489118827-225,FR0 5
way/490191058-225,FR0 4
way/490392953-225,FR0 0
way/49049745-400,FR0 4
way/491655540-225,FR0 4
way/495078839-225,FR0 6
way/49510896-400,FR0 6
way/497510591-225,FR0 2
way/514597856-225,FR0 6
way/536127194-225,FR0 4
way/53727352-225,FR0 2
way/53944139-225,FR0 2
way/547443051-225,FR0 2
way/549010403-225,FR0 0
way/549628003-225,FR0 6
way/549628132-225,FR0 6
way/552467306-225,FR0 6
way/553127674-225,FR0 0
way/553509645-225,FR0 0
way/553509651-225,FR0 0
way/558437000-225,FR0 0
way/56585982-225,FR0 0
way/56997464-400,FR0 0
way/56998024-400,FR0 0
way/571067152-225,FR0 5
way/57941014-225,FR0 5
way/580568888-400,FR0 2
way/580927266-400,FR0 1
way/583372101-225,FR0 6
way/584362062-225,FR0 7
way/585985166-225,FR0 6
way/589691209-225,FR0 4
way/589696042-225,FR0 2
way/590596961-225,FR0 3
way/590866686-225,FR0 0
way/604408491-225,FR0 7
way/616985188-225,FR0 2
way/620325313-225,FR0 0
way/62233233-225,FR0 2
way/62279693-225,FR0 3
way/627450679-225,FR0 2
way/627450758-225,FR0 2
way/63213632-225,FR0 2
way/63641119-225,FR0 2
way/64040939-225,FR0 2
way/655200312-225,FR0 2
way/658560999-225,FR0 2
way/658561191-225,FR0 2
way/659343518-400,FR0 1
way/659913223-225,FR0 2
way/666332422-225,FR0 4
way/666332466-225,FR0 4
way/671113556-225,FR0 2
way/682366021-225,FR0 2
way/682366052-225,FR0 2
way/68589514-400,FR0 2
way/68925871-225,FR0 2
way/69332224-225,FR0 0
way/69813552-400,FR0 0
way/69999641-225,FR0 2
way/70452467-225,FR0 3
way/715176993-225,FR0 2
way/715177063-225,FR0 2
way/71933077-400,FR0 3
way/71933086-400,FR0 3
way/725699702-225,FR0 5
way/730015498-225,FR0 2
way/733773947-225,FR0 0
way/733773951-225,FR0 0
way/733773994-225,FR0 0
way/740849522-225,FR0 2
way/74699439-225,FR0 3
way/75509664-225,FR0 3
way/756397226-225,FR0 2
way/75750171-225,FR0 2
way/757982264-225,FR0 2
way/759073166-225,FR0 4
way/76032001-225,FR0 2
way/760653905-225,FR0 7
way/761507281-400,FR0 3
way/765852555-225,FR0 2
way/765852556-225,FR0 2
way/777545899-225,FR0 7
way/78052541-225,FR0 2
way/78148795-225,FR0 2
way/788298548-400,FR0 2
way/79805353-225,FR0 2
way/79866837-400,FR0 2
way/80719004-225,FR0 6
way/81228088-400,FR0 2
way/81638061-225,FR0 4
way/81641090-400,FR0 4
way/81665271-400,FR0 4
way/81758476-400,FR0 4
way/818615628-225,FR0 2
way/818615639-225,FR0 0
way/818615644-225,FR0 0
way/818615647-225,FR0 3
way/82226136-225,FR0 4
way/82306874-400,FR0 6
way/823662696-225,FR0 2
way/823662702-400,FR0 3
way/823662705-400,FR0 0
way/823872751-225,FR0 2
way/823872752-225,FR0 6
way/823872758-225,FR0 2
way/823872762-225,FR0 1
way/82467033-225,FR0 2
way/82599261-400,FR0 2
way/82715808-400,FR0 2
way/82741307-400,FR0 2
way/82746777-225,FR0 2
way/82746780-225,FR0 2
way/82805188-400,FR0 2
way/82825438-400,FR0 2
way/82825446-400,FR0 2
way/82949228-400,FR0 2
way/82967739-400,FR0 2
way/82976238-225,FR0 2
way/83293593-400,FR0 3
way/83705700-225,FR0 2
way/83726363-400,FR0 6
way/83819431-225,FR0 2
way/84153220-400,FR0 3
way/84182609-400,FR0 0
way/84452130-400,FR0 3
way/84476231-400,FR0 3
way/84485792-400,FR0 3
way/84490483-400,FR0 0
way/84603564-400,FR0 0
way/85047359-400,FR0 2
way/85198005-400,FR0 2
way/85203486-400,FR0 2
way/85217416-400,FR0 2
way/85273676-225,FR0 2
way/85273680-400,FR0 2
way/85335661-400,FR0 2
way/85339874-225,FR0 2
way/85605950-400,FR0 2
way/85605959-400,FR0 2
way/85710783-400,FR0 2
way/85719389-400,FR0 2
way/85821243-400,FR0 2
way/85827397-400,FR0 2
way/85827398-400,FR0 2
way/85867971-400,FR0 5
way/85877326-400,FR0 5
way/85895367-400,FR0 5
way/85955250-225,FR0 2
way/85995894-400,FR0 5
way/86023818-400,FR0 5
way/86131984-400,FR0 1
way/86162998-400,FR0 1
way/86260099-400,FR0 1
way/86260748-400,FR0 2
way/86297273-400,FR0 2
way/86342772-400,FR0 2
way/86344183-400,FR0 2
way/86462910-225,FR0 5
way/86969390-225,FR0 2
way/89022039-225,FR0 2
way/89022080-400,FR0 2
way/890834366-400,FR0 2
way/89158123-225,FR0 4
way/90032133-225,FR0 4
way/90415251-225,FR0 2
way/907536278-225,FR0 2
way/90842395-400,FR0 0
way/90854143-225,FR0 4
way/91351689-225,FR0 0
way/92896823-225,FR0 5
way/93189928-400,FR0 0
way/95209542-225,FR0 3
way/95409416-225,FR0 5
way/956596300-225,FR0 3
way/95810878-225,FR0 0
way/96839470-225,FR0 2
way/98390525-400,FR0 2
way/986799738-225,FR0 5
way/98890904-400,FR0 6
way/98945703-225,FR0 2
way/99623587-225,FR0 5
way/99722046-400,FR0 1
way/136594238,FR5 0
GB10-275,GB2 2
GB13-400,GB2 2
GB14-400,GB2 2
GB15-275,GB2 2
GB16-400,GB2 0
GB17-275,GB2 0
GB20-400,GB2 4
GB22-400,GB2 4
GB25-400,GB2 0
GB26-275,GB2 0
GB27-400,GB2 4
GB28-275,GB2 0
GB29-275,GB2 4
GB30-400,GB2 0
GB31-400,GB2 0
GB32-400,GB2 0
GB33-400,GB2 0
GB34-400,GB2 0
GB36-400,GB2 0
GB37-275,GB2 0
GB39-400,GB2 0
GB40-275,GB2 4
GB41-275,GB2 0
GB42-275,GB2 0
GB44-275,GB2 4
GB47-400,GB2 4
GB48-400,GB2 4
GB50-400,GB2 4
GB51-400,GB2 0
GB52-400,GB2 1
GB53-400,GB2 4
GB54-400,GB2 4
GB55-275,GB2 4
GB56-400,GB2 4
GB57-400,GB2 4
GB58-275,GB2 4
GB59-275,GB2 4
GB60-275,GB2 4
GB61-275,GB2 4
GB63-400,GB2 1
GB65-400,GB2 3
GB66-275,GB2 3
GB68-275,GB2 3
GB69-400,GB2 1
GB7-275,GB2 2
GB71-275,GB2 3
GB72-400,GB2 1
GB73-400,GB2 1
GB78-400,GB2 1
GB79-400,GB2 1
GB81-400,GB2 3
GB83-400,GB2 1
GB9-275,GB2 2
relation/10377509-400,GB2 2
relation/10695345-400,GB2 1
relation/10925187-275,GB2 0
relation/11051275-400,GB2 4
relation/11543333-400,GB2 0
relation/12543034-275,GB2 3
relation/13110367-400,GB2 3
relation/13110368-400,GB2 0
relation/13110369-400,GB2 0
relation/13186702-275,GB2 3
relation/14921826-400,GB2 2
relation/7650368-400,GB2 1
relation/7872518-400,GB2 1
relation/7879831-400,GB2 3
relation/7880111-400,GB2 1
relation/7881280-400,GB2 0
relation/7886014-400,GB2 4
relation/7894457-400,GB2 4
relation/7894483-400,GB2 4
relation/7894974-400,GB2 2
relation/7894975-400,GB2 4
relation/7896785-275,GB2 4
relation/8087295-275,GB2 2
relation/9409219-400,GB2 1
relation/9572254-400,GB2 3
relation/9598269-400,GB2 4
way/100009331-400,GB2 3
way/100077745-400,GB2 2
way/101077623-400,GB2 0
way/101312018-275,GB2 0
way/101365758-275,GB2 3
way/102198808-400,GB2 2
way/102549055-400,GB2 1
way/103150854-400,GB2 1
way/103829261-400,GB2 1
way/103915328-400,GB2 3
way/1078532568-400,GB2 0
way/109730296-400,GB2 0
way/1097582201-400,GB2 0
way/111528318-275,GB2 2
way/1120475588-400,GB2 1
way/1153252242-275,GB2 4
way/115530033-400,GB2 1
way/116539370-275,GB2 0
way/118821349-400,GB2 2
way/1190395478-400,GB2 2
way/119315534-275,GB2 2
way/119315549-275,GB2 2
way/119616836-400,GB2 3
way/121820285-275,GB2 3
way/123037622-275,GB2 3
way/123866712-275,GB2 0
way/1252341626-275,GB2 2
way/1262971878-275,GB2 2
way/1263095953-400,GB2 2
way/127184694-400,GB2 4
way/1274396508-400,GB2 4
way/1275300370-400,GB2 1
way/1297690788-275,GB2 0
way/133323988-400,GB2 2
way/135693940-275,GB2 4
way/142397822-400,GB2 0
way/142841192-400,GB2 0
way/142845284-400,GB2 4
way/143105488-275,GB2 2
way/143110887-275,GB2 2
way/143221984-275,GB2 0
way/143383456-400,GB2 2
way/143398451-400,GB2 2
way/143783006-400,GB2 1
way/143905069-400,GB2 0
way/147475796-275,GB2 0
way/148382435-275,GB2 2
way/153884024-275,GB2 4
way/159038999-400,GB2 0
way/159736514-400,GB2 0
way/160580052-400,GB2 0
way/160616357-275,GB2 0
way/163036722-400,GB2 4
way/164380199-275,GB2 0
way/16582436-400,GB2 1
way/166703758-275,GB2 2
way/166703759-275,GB2 2
way/166703766-400,GB2 2
way/167621580-400,GB2 4
way/183904046-275,GB2 0
way/184584639-275,GB2 0
way/190511290-400,GB2 0
way/193617444-400,GB2 0
way/200511209-400,GB2 0
way/200635683-275,GB2 0
way/20851038-400,GB2 1
way/209404646-400,GB2 0
way/211549457-275,GB2 0
way/212779654-400,GB2 2
way/222205173-275,GB2 2
way/227495569-275,GB2 0
way/227589012-400,GB2 1
way/22975329-400,GB2 1
way/23059230-400,GB2 1
way/23059268-275,GB2 0
way/23132983-275,GB2 1
way/23164132-400,GB2 4
way/23164256-400,GB2 4
way/23228362-400,GB2 1
way/23228569-275,GB2 1
way/23229136-275,GB2 1
way/232319495-275,GB2 2
way/23232738-400,GB2 1
way/23234477-275,GB2 1
way/23248656-275,GB2 1
way/23281217-400,GB2 1
way/23299362-400,GB2 1
way/23299657-400,GB2 1
way/23390317-275,GB2 1
way/239248206-400,GB2 2
way/23988786-400,GB2 1
way/241491759-275,GB2 2
way/24165071-400,GB2 1
way/25422135-400,GB2 1
way/25492769-275,GB2 0
way/25629803-400,GB2 0
way/25784732-275,GB2 4
way/25935453-400,GB2 1
way/260300448-275,GB2 2
way/262523325-400,GB2 2
way/262532045-400,GB2 2
way/263863442-400,GB2 1
way/264102298-400,GB2 1
way/264104518-400,GB2 1
way/264371625-275,GB2 1
way/26678829-400,GB2 3
way/26938722-400,GB2 3
way/27163121-400,GB2 2
way/27332350-275,GB2 2
way/280317944-400,GB2 4
way/28194931-275,GB2 4
way/284874050-400,GB2 2
way/28691559-400,GB2 1
way/29111844-400,GB2 1
way/292371992-400,GB2 3
way/295657862-275,GB2 3
way/297840585-400,GB2 2
way/306451400-275,GB2 2
way/308653819-275,GB2 2
way/30930911-275,GB2 4
way/31015820-400,GB2 1
way/310502642-400,GB2 0
way/311840838-275,GB2 0
way/313495269-400,GB2 0
way/314338790-400,GB2 0
way/315213320-275,GB2 4
way/31545125-400,GB2 4
way/32227788-400,GB2 1
way/32796576-400,GB2 1
way/33917128-400,GB2 0
way/34205588-400,GB2 3
way/34656007-400,GB2 3
way/367005272-275,GB2 4
way/371757485-400,GB2 1
way/375626500-400,GB2 4
way/41710456-400,GB2 1
way/422486984-400,GB2 2
way/42800878-400,GB2 3
way/43303585-400,GB2 0
way/43472283-400,GB2 0
way/447301159-400,GB2 1
way/45087479-275,GB2 3
way/4715504-400,GB2 1
way/472164401-400,GB2 0
way/4746208-400,GB2 1
way/494951597-400,GB2 1
way/49499923-400,GB2 4
way/495512689-400,GB2 2
way/495512692-400,GB2 2
way/495624575-275,GB2 2
way/49922626-400,GB2 3
way/533670766-400,GB2 1
way/536905500-400,GB2 4
way/55284068-275,GB2 4
way/553490952-400,GB2 3
way/567187951-275,GB2 2
way/59736773-275,GB2 2
way/624256368-275,GB2 2
way/630939126-275,GB2 2
way/635829123-400,GB2 1
way/636630368-400,GB2 1
way/636630371-400,GB2 1
way/65482882-400,GB2 2
way/676646876-400,GB2 2
way/677845115-400,GB2 3
way/68515955-400,GB2 2
way/689626274-400,GB2 2
way/701436399-400,GB2 0
way/71118225-400,GB2 4
way/730870685-275,GB2 2
way/76468460-275,GB2 2
way/77065229-400,GB2 1
way/775577829-400,GB2 1
way/778717371-275,GB2 2
way/785730495-400,GB2 0
way/796648851-275,GB2 0
way/81098733-275,GB2 4
way/814351697-400,GB2 1
way/820229174-275,GB2 2
way/820237569-400,GB2 2
way/842685465-275,GB2 2
way/84803250-275,GB2 3
way/86071326-400,GB2 2
way/87204522-400,GB2 4
way/87207123-400,GB2 4
way/87464485-400,GB2 1
way/87953830-400,GB2 1
way/88287125-400,GB2 1
way/88389243-400,GB2 1
way/884174267-400,GB2 3
way/89038614-400,GB2 1
way/89453364-400,GB2 1
way/89573357-400,GB2 4
way/89573358-400,GB2 4
way/89836009-275,GB2 2
way/90099036-400,GB2 3
way/90125443-400,GB2 0
way/90534270-400,GB2 0
way/90539508-400,GB2 0
way/90547674-400,GB2 0
way/90547685-275,GB2 0
way/91003253-400,GB2 0
way/91010022-400,GB2 1
way/91010711-400,GB2 1
way/91056548-400,GB2 2
way/91082448-400,GB2 1
way/91955171-400,GB2 0
way/92260633-275,GB2 4
way/92331023-275,GB2 0
way/92340133-400,GB2 1
way/92419253-400,GB2 4
way/92458761-400,GB2 4
way/92460913-400,GB2 3
way/925179651-400,GB2 1
way/92529432-400,GB2 4
way/92737152-275,GB2 4
way/93299730-400,GB2 1
way/93878867-275,GB2 4
way/94004582-400,GB2 4
way/94530230-400,GB2 1
way/94543520-275,GB2 4
way/95279334-400,GB2 3
way/95338682-400,GB2 4
way/95374266-275,GB2 2
way/95749833-400,GB2 3
way/95895489-400,GB2 3
way/96067520-275,GB2 4
way/96107758-400,GB2 4
way/96630594-275,GB2 0
way/96905262-400,GB2 2
way/97256377-400,GB2 4
way/97551523-400,GB2 2
way/98899051-400,GB2 4
way/137050527-275,GB3 0
way/142185552-275,GB3 0
way/148266260-275,GB3 0
way/166764802-275,GB3 0
way/227767019-275,GB3 0
way/227767022-275,GB3 0
way/230134599-275,GB3 0
way/339008021-275,GB3 0
GR10-400,GR0 0
GR11-400,GR0 0
GR12-400,GR0 0
GR13-400,GR0 0
GR15-400,GR0 0
GR16-400,GR0 0
GR6-400,GR0 0
GR8-400,GR0 0
GR9-400,GR0 0
way/1000743726-400,GR0 0
way/105184051-400,GR0 0
way/1256844098-400,GR0 0
way/140248148-400,GR0 0
way/149672244-400,GR0 0
way/171506480-400,GR0 0
way/252077527-400,GR0 0
way/253903008-400,GR0 0
way/51408420-400,GR0 0
way/55099563-400,GR0 0
way/85518393-400,GR0 0
way/85526073-400,GR0 0
way/85585500-400,GR0 0
way/85612093-400,GR0 0
way/85646787-400,GR0 0
way/85705637-400,GR0 0
way/93119207-400,GR0 0
HR1-220,HR0 0
way/113757307-220,HR0 0
way/162022271-220,HR0 0
way/163860997-400,HR0 0
way/170366194-220,HR0 0
way/171251171-220,HR0 0
way/173272584-220,HR0 0
way/273326173-220,HR0 0
way/43337263-400,HR0 0
way/59683455-220,HR0 0
way/737067003-220,HR0 0
way/89817617-400,HR0 0
way/89818719-400,HR0 0
way/89819945-220,HR0 0
way/89820062-400,HR0 0
way/89823918-400,HR0 0
way/96704507-220,HR0 0
way/96722667-220,HR0 0
HU10-400,HU0 0
HU11-220,HU0 0
HU12-400,HU0 0
HU13-400,HU0 0
HU14-400,HU0 0
HU2-400,HU0 0
HU7-220,HU0 0
HU8-400,HU0 0
HU9-400,HU0 0
relation/15865158-400,HU0 0
relation/9470706-220,HU0 0
way/100788162-400,HU0 0
way/100804905-400,HU0 0
way/100804921-220,HU0 0
way/100844170-220,HU0 0
way/100872886-400,HU0 0
way/100962927-400,HU0 0
way/113570302-400,HU0 0
way/124244078-400,HU0 0
way/142106943-400,HU0 0
way/142109093-400,HU0 0
way/155227474-400,HU0 0
way/155803703-400,HU0 0
way/166155511-400,HU0 0
way/167896114-400,HU0 0
way/195168461-400,HU0 0
way/244038276-220,HU0 0
way/251991299-220,HU0 0
way/252028146-400,HU0 0
way/325372656-400,HU0 0
way/33846555-400,HU0 0
way/464834617-400,HU0 0
way/65034002-400,HU0 0
way/859708761-750,HU0 0
way/96705565-400,HU0 0
way/986231091-400,HU0 0
IE1-220,IE3 0
IE2-220,IE3 0
IE4-220,IE3 0
IE6-220,IE3 0
IE7-220,IE3 0
IE8-220,IE3 0
way/1003262502-220,IE3 0
way/104388595-220,IE3 0
way/104388599-220,IE3 0
way/1231460605-220,IE3 0
way/147525695-220,IE3 0
way/150124101-220,IE3 0
way/179121616-400,IE3 0
way/180637986-220,IE3 0
way/185693432-220,IE3 0
way/186889669-220,IE3 0
way/194575030-220,IE3 0
way/194614470-220,IE3 0
way/197846408-220,IE3 0
way/207331199-220,IE3 0
way/207339053-400,IE3 0
way/208124159-220,IE3 0
way/254158424-400,IE3 0
way/264275258-275,IE3 0
way/264852019-220,IE3 0
way/288283900-220,IE3 0
way/35150701-220,IE3 0
way/42998577-220,IE3 0
way/516651650-220,IE3 0
way/516752881-220,IE3 0
way/710981639-220,IE3 0
way/79803767-220,IE3 0
way/819997192-220,IE3 0
way/88144450-400,IE3 0
way/88462768-220,IE3 0
way/89760546-220,IE3 0
way/942416227-220,IE3 0
way/96278380-220,IE3 0
IT1-220,IT0 0
IT10-220,IT0 3
IT100-220,IT0 0
IT101-220,IT0 3
IT102-380,IT0 3
IT103-220,IT0 3
IT104-220,IT0 3
IT105-220,IT0 3
IT106-220,IT0 3
IT107-220,IT0 3
IT108-220,IT0 3
IT109-220,IT0 3
IT11-220,IT0 0
IT110-220,IT0 3
IT111-220,IT0 3
IT112-220,IT0 3
IT113-220,IT0 3
IT117-220,IT0 4
IT118-380,IT0 4
IT119-380,IT0 4
IT12-220,IT0 0
IT120-380,IT0 4
IT121-380,IT0 4
IT122-380,IT0 4
IT123-380,IT0 4
IT124-380,IT0 1
IT125-380,IT0 1
IT127-380,IT0 1
IT128-220,IT0 1
IT130-220,IT0 1
IT133-220,IT0 1
IT134-380,IT0 1
IT135-220,IT0 1
IT138-380,IT0 2
IT139-380,IT0 2
IT140-380,IT0 2
IT142-380,IT0 2
IT143-380,IT0 2
IT15-220,IT0 3
IT16-220,IT0 3
IT18-220,IT0 0
IT19-380,IT0 0
IT2-220,IT0 0
IT21-380,IT0 0
IT23-380,IT0 0
IT24-380,IT0 0
IT25-380,IT0 0
IT26-380,IT0 0
IT27-220,IT0 0
IT28-380,IT0 0
IT3-380,IT0 3
IT30-220,IT0 0
IT31-220,IT0 0
IT33-220,IT0 0
IT34-380,IT0 0
IT38-220,IT0 0
IT39-220,IT0 0
IT4-380,IT0 3
IT42-220,IT0 0
IT43-380,IT0 3
IT44-380,IT0 0
IT45-380,IT0 0
IT47-220,IT0 3
IT48-220,IT0 0
IT49-220,IT0 0
IT5-220,IT0 3
IT51-380,IT0 0
IT52-220,IT0 3
IT53-220,IT0 0
IT54-380,IT0 0
IT55-380,IT0 0
IT56-380,IT0 0
IT57-380,IT0 0
IT59-220,IT0 0
IT6-220,IT0 0
IT60-400,IT0 3
IT61-400,IT0 3
IT62-380,IT0 0
IT63-220,IT0 3
IT64-220,IT0 0
IT65-220,IT0 3
IT66-220,IT0 3
IT68-220,IT0 3
IT69-220,IT0 3
IT7-220,IT0 0
IT70-220,IT0 0
IT72-220,IT0 0
IT73-380,IT0 0
IT74-220,IT0 3
IT75-220,IT0 0
IT76-220,IT0 0
IT77-380,IT0 3
IT78-380,IT0 3
IT79-380,IT0 3
IT8-220,IT0 0
IT82-220,IT0 3
IT84-220,IT0 0
IT85-220,IT0 3
IT86-220,IT0 3
IT87-220,IT0 3
IT88-220,IT0 3
IT89-220,IT0 3
IT9-220,IT0 3
IT91-220,IT0 3
IT92-380,IT0 0
IT93-380,IT0 0
IT94-380,IT0 0
IT95-220,IT0 3
IT96-220,IT0 3
IT97-220,IT0 3
IT98-220,IT0 3
IT99-220,IT0 3
SI3-220,IT0 0
relation/1377432-220,IT0 0
relation/13844905-380,IT0 4
relation/17467354-380,IT0 4
relation/6277789-380,IT0 0
relation/8840420-220,IT0 1
way/100253768-380,IT0 0
way/100407576-380,IT0 0
way/100952845-380,IT0 3
way/102185356-220,IT0 3
way/102185362-220,IT0 3
way/102287716-380,IT0 3
way/102675884-220,IT0 3
way/103007030-220,IT0 3
way/103127417-220,IT0 3
way/103264820-220,IT0 3
way/103306951-380,IT0 1
way/103381531-380,IT0 1
way/103386958-380,IT0 1
way/103418587-220,IT0 3
way/103549584-220,IT0 0
way/103653565-220,IT0 3
way/103653567-225,IT0 3
way/103653591-380,IT0 3
way/103725268-220,IT0 3
way/103974946-220,IT0 3
way/104114052-220,IT0 3
way/104239286-220,IT0 3
way/104239342-220,IT0 3
way/104321356-220,IT0 1
way/104359058-380,IT0 3
way/105062415-220,IT0 3
way/105141350-220,IT0 3
way/105141365-400,IT0 3
way/105153431-380,IT0 3
way/105462289-220,IT0 3
way/105757794-380,IT0 3
way/105757795-220,IT0 3
way/105801489-220,IT0 0
way/105827045-220,IT0 0
way/107204719-220,IT0 3
way/107681459-380,IT0 0
way/107683818-380,IT0 0
way/108020416-380,IT0 1
way/109588422-380,IT0 1
way/109756016-380,IT0 1
way/1097982502-380,IT0 2
way/1098087457-380,IT0 1
way/1098527891-220,IT0 4
way/109993642-380,IT0 2
way/109997676-380,IT0 2
way/1100665914-380,IT0 1
way/110138220-380,IT0 2
way/110310021-380,IT0 1
way/110330925-380,IT0 1
way/1103579629-380,IT0 2
way/110660048-380,IT0 2
way/111020792-220,IT0 0
way/1134655722-220,IT0 1
way/114659171-220,IT0 1
way/114661587-380,IT0 4
way/114931087-380,IT0 0
way/1155109902-220,IT0 3
way/1158716725-380,IT0 4
way/116517585-380,IT0 3
way/116518388-380,IT0 3
way/116697005-380,IT0 0
way/116797658-380,IT0 0
way/1203262444-220,IT0 3
way/120356593-380,IT0 3
way/1204275778-220,IT0 3
way/1205235724-220,IT0 3
way/124220303-220,IT0 1
way/126203383-380,IT0 1
way/131291789-380,IT0 0
way/1317893096-220,IT0 2
way/132455976-220,IT0 4
way/132637884-220,IT0 1
way/132638645-220,IT0 1
way/132643428-220,IT0 1
way/132645607-220,IT0 1
way/132701023-220,IT0 1
way/132701980-380,IT0 4
way/132702940-220,IT0 1
way/132725149-220,IT0 4
way/132726160-220,IT0 4
way/133601335-380,IT0 3
way/135270825-220,IT0 3
way/136457747-220,IT0 4
way/137317951-220,IT0 3
way/139442467-380,IT0 0
way/139975773-380,IT0 0
way/143585004-380,IT0 0
way/146791061-380,IT0 1
way/147466201-220,IT0 0
way/148969091-380,IT0 0
way/151070909-220,IT0 0
way/151335166-220,IT0 0
way/153548074-220,IT0 0
way/155158689-380,IT0 0
way/155590373-380,IT0 2
way/155791516-380,IT0 0
way/155976582-220,IT0 0
way/156001963-220,IT0 0
way/156001981-220,IT0 0
way/157912118-380,IT0 2
way/158599954-220,IT0 3
way/158652469-220,IT0 4
way/159821869-220,IT0 0
way/161867064-220,IT0 0
way/162066058-220,IT0 0
way/162828577-380,IT0 3
way/162960205-380,IT0 3
way/163058980-220,IT0 0
way/163958919-220,IT0 3
way/163958920-220,IT0 3
way/166196787-220,IT0 3
way/172302572-380,IT0 4
way/172705586-220,IT0 2
way/181125039-380,IT0 0
way/189612607-380,IT0 3
way/199676823-380,IT0 1
way/202271565-380,IT0 3
way/202272734-220,IT0 0
way/202711181-220,IT0 1
way/207383904-220,IT0 1
way/208398923-380,IT0 0
way/209982720-380,IT0 1
way/211180338-380,IT0 3
way/214294769-220,IT0 0
way/236661269-380,IT0 3
way/257351439-380,IT0 1
way/288149641-220,IT0 3
way/296141722-220,IT0 3
way/303965869-380,IT0 1
way/309371152-220,IT0 3
way/309371153-220,IT0 3
way/321724202-380,IT0 1
way/338453112-380,IT0 0
way/338760116-380,IT0 1
way/338790588-380,IT0 1
way/338792752-380,IT0 1
way/338795626-380,IT0 1
way/339104227-380,IT0 3
way/339706878-380,IT0 4
way/339706879-380,IT0 4
way/339706880-380,IT0 4
way/34157795-380,IT0 3
way/350356755-220,IT0 0
way/354923815-220,IT0 3
way/35680992-220,IT0 0
way/363469921-380,IT0 0
way/36873258-380,IT0 4
way/375907988-220,IT0 2
way/376351180-220,IT0 4
way/376502663-220,IT0 4
way/376502734-220,IT0 1
way/376642649-220,IT0 3
way/376952592-220,IT0 1
way/376952616-220,IT0 1
way/377444648-220,IT0 1
way/377444657-220,IT0 1
way/377588184-220,IT0 1
way/377830944-220,IT0 3
way/377832777-220,IT0 3
way/392068532-380,IT0 1
way/39255054-380,IT0 0
way/40634284-380,IT0 0
way/412967424-220,IT0 0
way/41360305-380,IT0 0
way/416679116-220,IT0 0
way/416679117-220,IT0 0
way/418565263-380,IT0 1
way/41892273-400,IT0 0
way/419423700-220,IT0 4
way/419423704-380,IT0 4
way/419423705-380,IT0 4
way/420698910-220,IT0 1
way/42206116-380,IT0 3
way/42862642-220,IT0 0
way/435429368-220,IT0 1
way/435433908-220,IT0 1
way/435433909-220,IT0 1
way/448777455-220,IT0 3
way/449694943-380,IT0 1
way/491424937-400,IT0 3
way/495354824-380,IT0 1
way/504195617-220,IT0 1
way/50589203-220,IT0 2
way/507064051-220,IT0 2
way/53635045-220,IT0 2
way/56984450-220,IT0 2
way/57380344-220,IT0 2
way/57384507-380,IT0 2
way/57403755-220,IT0 2
way/57736541-220,IT0 2
way/57736553-220,IT0 2
way/58440884-380,IT0 3
way/58516664-220,IT0 3
way/58931857-380,IT0 4
way/58992998-380,IT0 0
way/59026315-380,IT0 0
way/590522266-380,IT0 0
way/591027058-380,IT0 2
way/59153311-380,IT0 0
way/59219335-380,IT0 4
way/59366523-380,IT0 0
way/59462263-380,IT0 0
way/59556712-380,IT0 0
way/59604857-220,IT0 0
way/59629638-220,IT0 3
way/60235685-380,IT0 1
way/60616350-380,IT0 4
way/60725875-380,IT0 0
way/60888331-380,IT0 1
way/60913666-380,IT0 1
way/60919237-380,IT0 1
way/61038773-220,IT0 0
way/61157826-380,IT0 2
way/61484190-220,IT0 3
way/61626687-380,IT0 4
way/61650514-220,IT0 0
way/61712456-380,IT0 4
way/62326314-380,IT0 3
way/64942789-380,IT0 0
way/66872608-220,IT0 3
way/67461115-220,IT0 3
way/68299044-380,IT0 3
way/72466334-380,IT0 0
way/72475426-380,IT0 3
way/72570378-380,IT0 3
way/72570474-380,IT0 3
way/72581705-380,IT0 3
way/74359510-220,IT0 3
way/74677138-380,IT0 3
way/74943205-380,IT0 4
way/75378894-380,IT0 3
way/75602396-380,IT0 3
way/75947556-380,IT0 3
way/76705565-380,IT0 4
way/76709660-380,IT0 4
way/772234863-380,IT0 3
way/78066534-380,IT0 0
way/79879290-220,IT0 3
way/80442466-220,IT0 3
way/80517630-380,IT0 4
way/81929591-380,IT0 0
way/81931074-380,IT0 0
way/81938081-380,IT0 0
way/82078641-380,IT0 0
way/82083756-380,IT0 0
way/82084013-380,IT0 0
way/82084019-380,IT0 0
way/82651599-220,IT0 3
way/82759380-380,IT0 4
way/82762493-380,IT0 4
way/82767145-380,IT0 4
way/82793962-220,IT0 0
way/83058212-380,IT0 1
way/83805453-380,IT0 0
way/83872215-380,IT0 4
way/84277460-220,IT0 4
way/84301904-380,IT0 0
way/84696559-380,IT0 1
way/84963374-220,IT0 4
way/85196861-380,IT0 1
way/85297730-220,IT0 1
way/88361192-220,IT0 3
way/891280888-380,IT0 1
way/93038661-380,IT0 3
way/93315059-380,IT0 3
way/93850768-220,IT0 1
way/93860115-380,IT0 4
way/944660251-220,IT0 1
way/96190189-380,IT0 4
way/96658563-220,IT0 0
way/96727258-220,IT0 0
way/98421779-380,IT0 3
way/98427149-380,IT0 3
way/98427407-220,IT0 3
way/98638424-220,IT0 3
way/98787157-220,IT0 0
way/988370787-220,IT0 1
way/988654143-380,IT0 1
way/98901130-380,IT0 3
way/98902899-380,IT0 3
way/99694910-380,IT0 3
way/99826025-380,IT0 3
IT131-380,IT4 0
IT132-380,IT4 0
way/118987056-380,IT4 0
way/136762727-380,IT4 0
way/141046481-220,IT4 0
way/144005861-220,IT4 0
way/144005863-380,IT4 0
way/144006711-220,IT4 0
way/303915533-380,IT4 0
way/375892272-220,IT4 0
way/409439916-380,IT4 0
way/432871051-220,IT4 0
way/432871052-220,IT4 0
LT1-330,LT0 0
LT10-330,LT0 0
LT11-330,LT0 0
LT12-330,LT0 0
LT2-330,LT0 0
LT3-330,LT0 0
LT8-330,LT0 0
LT9-330,LT0 0
relation/12048419-330,LT0 0
relation/8034395-330,LT0 0
way/158505202-330,LT0 0
way/192764283-330,LT0 0
way/210457037-330,LT0 0
way/220065689-330,LT0 0
way/256339597-400,LT0 0
way/25698690-330,LT0 0
way/257169563-330,LT0 0
way/258321412-330,LT0 0
way/266535277-330,LT0 0
way/268781050-330,LT0 0
way/626451207-330,LT0 0
way/626451210-330,LT0 0
way/90098783-330,LT0 0
way/1042974725-220,LU0 0
way/33814243-220,LU0 0
way/33814365-220,LU0 0
way/387620061-225,LU0 0
way/460847807-220,LU0 0
way/63089603-220,LU0 0
way/89176956-220,LU0 0
way/91823933-220,LU0 0
LV10-330,LV0 0
LV6-330,LV0 0
LV7-330,LV0 0
LV8-330,LV0 0
LV9-330,LV0 0
relation/10705963-330,LV0 0
relation/11980722-330,LV0 0
relation/12970096-330,LV0 0
relation/13530288-330,LV0 0
relation/6495601-330,LV0 0
way/156541987-330,LV0 0
way/172286289-330,LV0 0
way/183128353-330,LV0 0
way/183386421-330,LV0 0
way/184063224-330,LV0 0
way/27296443-330,LV0 0
way/514772639-330,LV0 0
way/81243950-330,LV0 0
way/89088068-330,LV0 0
ME1-400,ME0 0
ME2-400,ME0 0
ME4-220,ME0 0
ME5-400,ME0 0
ME6-400,ME0 0
way/1255787053-220,ME0 0
way/1256007960-400,ME0 0
way/1256060610-400,ME0 0
way/351672823-400,ME0 0
way/665827369-400,ME0 0
way/1256107398-400,MK0 0
way/196590421-400,MK0 0
way/196590422-400,MK0 0
way/196633567-400,MK0 0
way/196634265-400,MK0 0
NL6-220,NL0 0
NL7-220,NL0 0
way/1099434374-220,NL0 0
way/1218950123-380,NL0 0
way/146901292-380,NL0 0
way/157902099-380,NL0 0
way/162176187-380,NL0 0
way/162179284-380,NL0 0
way/165242802-380,NL0 0
way/167695568-380,NL0 0
way/168037483-220,NL0 0
way/22984334-380,NL0 0
way/23096966-380,NL0 0
way/23135563-380,NL0 0
way/308181656-380,NL0 0
way/477949333-380,NL0 0
way/480742730-380,NL0 0
way/577158336-380,NL0 0
way/606842829-380,NL0 0
way/693745438-380,NL0 0
way/723528920-380,NL0 0
way/72888152-380,NL0 0
way/83423799-380,NL0 0
way/87177559-380,NL0 0
way/87207800-220,NL0 0
way/87354306-380,NL0 0
way/87358157-220,NL0 0
way/87448656-220,NL0 0
way/87792499-380,NL0 0
way/87794279-380,NL0 0
way/920127890-380,NL0 0
way/934114405-380,NL0 0
way/942640207-380,NL0 0
way/96382845-380,NL0 0
NO1-420,NO1 1
NO10-420,NO1 1
NO11-420,NO1 1
NO12-420,NO1 1
NO13-420,NO1 1
NO14-420,NO1 1
NO15-420,NO1 1
NO16-420,NO1 1
NO18-420,NO1 1
NO19-420,NO1 1
NO2-420,NO1 1
NO20-420,NO1 1
NO21-420,NO1 1
NO22-420,NO1 1
NO23-420,NO1 1
NO24-420,NO1 1
NO25-420,NO1 1
NO27-420,NO1 0
NO28-420,NO1 0
NO29-420,NO1 0
NO3-420,NO1 1
NO30-420,NO1 0
NO31-420,NO1 0
NO32-420,NO1 0
NO33-420,NO1 0
NO34-420,NO1 0
NO36-420,NO1 0
NO38-420,NO1 0
NO39-420,NO1 0
NO4-420,NO1 1
NO40-420,NO1 0
NO41-420,NO1 0
NO42-420,NO1 0
NO43-420,NO1 0
NO44-420,NO1 0
NO5-420,NO1 1
NO51-420,NO1 0
NO52-420,NO1 0
NO53-420,NO1 0
NO54-300,NO1 0
NO55-300,NO1 0
NO56-300,NO1 0
NO57-300,NO1 0
NO58-300,NO1 0
NO59-300,NO1 0
NO6-420,NO1 1
NO60-300,NO1 0
NO63-300,NO1 0
NO64-420,NO1 0
NO65-300,NO1 0
NO66-300,NO1 0
NO67-420,NO1 0
NO68-420,NO1 0
NO69-420,NO1 0
NO7-420,NO1 1
NO70-420,NO1 0
NO71-420,NO1 0
NO72-420,NO1 0
NO73-300,NO1 0
NO74-300,NO1 0
NO75-420,NO1 0
NO76-300,NO1 0
NO77-300,NO1 0
NO78-300,NO1 0
NO79-300,NO1 0
NO8-420,NO1 1
NO80-300,NO1 0
NO82-300,NO1 0
NO83-300,NO1 0
NO84-420,NO1 0
NO85-300,NO1 0
NO86-420,NO1 0
NO87-300,NO1 0
NO89-300,NO1 0
NO9-420,NO1 1
NO90-420,NO1 0
NO91-420,NO1 0
NO94-420,NO1 0
NO95-420,NO1 0
NO97-420,NO1 0
NO98-420,NO1 0
NO99-300,NO1 0
relation/10086891-300,NO1 0
relation/10175479-300,NO1 0
relation/10220813-420,NO1 0
relation/10308957-300,NO1 0
relation/11036958-420,NO1 0
relation/11512349-300,NO1 0
relation/11568632-420,NO1 0
relation/12274653-420,NO1 0
relation/12277754-300,NO1 0
relation/12832053-420,NO1 0
relation/13447791-420,NO1 0
relation/13989591-300,NO1 0
relation/3993780-420,NO1 0
relation/7802012-300,NO1 0
relation/7805329-300,NO1 0
relation/7809753-300,NO1 0
relation/7812776-420,NO1 0
relation/7839720-420,NO1 0
relation/7842286-300,NO1 0
relation/7847764-420,NO1 0
relation/7854485-420,NO1 0
relation/7879876-300,NO1 0
relation/7879879-420,NO1 0
relation/7883264-300,NO1 0
relation/7883882-300,NO1 0
relation/7928148-420,NO1 0
relation/8182117-420,NO1 0
relation/8239198-300,NO1 0
relation/8293948-420,NO1 1
relation/8294222-420,NO1 1
relation/8332571-300,NO1 0
relation/8473044-420,NO1 1
relation/8476872-300,NO1 1
relation/8481866-300,NO1 1
relation/8488332-420,NO1 0
relation/8520950-300,NO1 0
relation/8527323-420,NO1 0
relation/8721337-300,NO1 0
relation/8834935-300,NO1 0
relation/8836351-300,NO1 0
relation/8837899-300,NO1 0
relation/8846916-300,NO1 0
relation/8847096-300,NO1 0
relation/8857363-300,NO1 0
relation/8860331-420,NO1 0
relation/8864887-300,NO1 0
relation/8886202-420,NO1 0
relation/8890360-300,NO1 0
relation/8890887-420,NO1 0
relation/8894066-420,NO1 0
relation/9032385-300,NO1 0
way/100151486-420,NO1 0
way/100648754-300,NO1 0
way/1028850312-300,NO1 0
way/1028850314-300,NO1 0
way/113442999-300,NO1 0
way/114318083-420,NO1 0
way/114336709-300,NO1 0
way/114414014-420,NO1 0
way/114669733-300,NO1 0
way/114845318-420,NO1 0
way/1156161502-300,NO1 0
way/118231876-300,NO1 0
way/120279477-300,NO1 0
way/128406208-420,NO1 0
way/187555858-300,NO1 0
way/197866182-420,NO1 1
way/202200066-420,NO1 0
way/205115991-420,NO1 0
way/206538656-420,NO1 0
way/206628449-420,NO1 0
way/229806969-420,NO1 0
way/229806970-420,NO1 0
way/232893576-420,NO1 0
way/240202234-420,NO1 0
way/244179408-420,NO1 0
way/252924745-420,NO1 1
way/254428135-420,NO1 0
way/257192868-220,NO1 1
way/261717967-300,NO1 0
way/287115458-300,NO1 0
way/287685850-420,NO1 0
way/288569179-300,NO1 0
way/288812256-300,NO1 0
way/290360704-300,NO1 0
way/290373414-300,NO1 0
way/290390502-300,NO1 0
way/290562151-300,NO1 0
way/295444099-420,NO1 0
way/296229069-420,NO1 0
way/297388897-300,NO1 0
way/307323708-300,NO1 0
way/350332649-420,NO1 0
way/355844786-300,NO1 0
way/358915801-420,NO1 0
way/37907251-420,NO1 0
way/400655824-300,NO1 1
way/430780474-300,NO1 0
way/432965765-300,NO1 0
way/445514503-300,NO1 0
way/469098816-420,NO1 0
way/475820066-420,NO1 1
way/493018044-420,NO1 0
way/51854396-420,NO1 0
way/51855380-420,NO1 0
way/546262597-300,NO1 0
way/547743430-420,NO1 0
way/548201553-420,NO1 0
way/548473094-420,NO1 0
way/548709529-420,NO1 0
way/551964031-420,NO1 0
way/554551085-300,NO1 0
way/572898616-420,NO1 1
way/572898618-420,NO1 1
way/572898626-420,NO1 1
way/577998803-420,NO1 0
way/60495669-420,NO1 0
way/617330634-300,NO1 0
way/631983832-300,NO1 0
way/633896066-420,NO1 0
way/636875282-300,NO1 0
way/637005916-300,NO1 0
way/640796702-420,NO1 0
way/648848845-300,NO1 0
way/71356608-300,NO1 0
way/749676336-300,NO1 0
way/799370310-300,NO1 0
way/830770515-420,NO1 0
way/842385259-420,NO1 1
PL10-400,PL0 2
PL13-400,PL0 3
PL14-400,PL0 3
PL15-400,PL0 3
PL17-400,PL0 0
PL18-400,PL0 2
PL20-220,PL0 0
PL21-220,PL0 3
PL22-220,PL0 3
PL23-400,PL0 0
PL24-220,PL0 0
PL25-400,PL0 2
PL26-400,PL0 0
PL27-400,PL0 0
PL28-400,PL0 0
PL29-400,PL0 0
PL31-400,PL0 0
PL32-220,PL0 0
PL33-220,PL0 0
PL34-400,PL0 2
PL35-220,PL0 1
PL36-400,PL0 2
PL38-400,PL0 2
PL4-220,PL0 2
PL41-400,PL0 1
PL42-220,PL0 1
PL43-220,PL0 1
PL44-220,PL0 1
PL45-220,PL0 1
PL46-220,PL0 2
PL47-220,PL0 1
PL48-220,PL0 0
PL5-220,PL0 2
PL50-220,PL0 1
PL51-400,PL0 1
PL52-400,PL0 1
PL53-220,PL0 1
PL55-220,PL0 1
PL56-220,PL0 1
PL57-220,PL0 1
PL58-220,PL0 1
PL62-400,PL0 0
PL7-400,PL0 3
PL8-220,PL0 2
relation/18085709-400,PL0 3
relation/9399771-220,PL0 1
way/101914781-400,PL0 3
way/101915790-220,PL0 3
way/101982559-220,PL0 1
way/102165724-220,PL0 1
way/1022342082-400,PL0 0
way/111615226-400,PL0 2
way/112614319-400,PL0 3
way/115801644-220,PL0 1
way/121656686-400,PL0 0
way/130644710-400,PL0 3
way/133537926-400,PL0 1
way/135598292-220,PL0 1
way/139452056-400,PL0 1
way/144646702-400,PL0 3
way/145037309-220,PL0 0
way/148060965-400,PL0 0
way/148197330-220,PL0 2
way/153838553-220,PL0 1
way/154510504-400,PL0 2
way/154894455-400,PL0 2
way/158232924-220,PL0 2
way/166710856-400,PL0 1
way/166838338-400,PL0 0
way/170249563-220,PL0 0
way/170316833-220,PL0 1
way/170368942-220,PL0 0
way/171383831-220,PL0 3
way/171917072-400,PL0 1
way/173582810-400,PL0 0
way/175406958-400,PL0 2
way/177749653-220,PL0 2
way/178756295-220,PL0 2
way/178838661-400,PL0 2
way/180535363-220,PL0 2
way/180542657-400,PL0 2
way/183945016-220,PL0 1
way/184899160-220,PL0 1
way/185454704-220,PL0 1
way/185459155-220,PL0 1
way/189501431-400,PL0 1
way/189851841-220,PL0 0
way/191035265-220,PL0 1
way/191352746-220,PL0 0
way/194903381-400,PL0 0
way/199098050-400,PL0 1
way/199098053-400,PL0 0
way/199098055-220,PL0 1
way/215282393-400,PL0 0
way/216975352-220,PL0 3
way/217899005-220,PL0 1
way/228154083-220,PL0 1
way/238640596-400,PL0 2
way/241842600-400,PL0 1
way/251239544-400,PL0 0
way/254235846-400,PL0 0
way/254938713-400,PL0 2
way/255232597-220,PL0 1
way/255277953-400,PL0 1
way/255284259-400,PL0 3
way/255293400-400,PL0 3
way/255293403-400,PL0 2
way/255972326-400,PL0 0
way/255973806-400,PL0 0
way/276291999-400,PL0 2
way/29098336-220,PL0 0
way/29115701-220,PL0 0
way/291375946-220,PL0 1
way/29139402-220,PL0 1
way/293484891-400,PL0 1
way/293484894-220,PL0 2
way/293489607-400,PL0 1
way/303870256-400,PL0 0
way/32036484-400,PL0 2
way/32943179-400,PL0 2
way/336990960-220,PL0 1
way/35366436-220,PL0 1
way/385098015-400,PL0 3
way/385118244-400,PL0 3
way/385539724-220,PL0 2
way/39428977-400,PL0 2
way/40062974-220,PL0 2
way/40946784-400,PL0 1
way/40946790-220,PL0 1
way/44389929-220,PL0 1
way/46092396-400,PL0 3
way/46235456-400,PL0 3
way/534238983-400,PL0 2
way/66051759-220,PL0 1
way/66161634-400,PL0 1
way/668348943-220,PL0 2
way/681264796-400,PL0 1
way/726776987-220,PL0 0
way/72879943-220,PL0 3
way/79033485-400,PL0 2
way/86494356-400,PL0 3
way/87667718-220,PL0 1
way/88544449-220,PL0 0
way/91384044-400,PL0 0
way/98634956-220,PL0 1
way/99593626-400,PL0 0
ES188-220,PT0 0
PT10-220,PT0 0
PT11-220,PT0 0
PT12-220,PT0 0
PT13-400,PT0 0
PT14-400,PT0 0
PT15-220,PT0 0
PT16-220,PT0 0
PT17-220,PT0 0
PT21-400,PT0 0
PT22-220,PT0 0
PT24-220,PT0 0
PT26-400,PT0 0
PT3-400,PT0 0
PT32-220,PT0 0
PT34-400,PT0 0
PT36-400,PT0 0
PT37-400,PT0 0
PT38-220,PT0 0
PT39-220,PT0 0
PT4-220,PT0 0
PT40-220,PT0 0
PT41-220,PT0 0
PT42-220,PT0 0
PT43-220,PT0 0
PT44-400,PT0 0
PT47-400,PT0 0
PT5-220,PT0 0
PT7-400,PT0 0
PT8-220,PT0 0
PT9-400,PT0 0
relation/17294958-400,PT0 0
way/1041283619-400,PT0 0
way/1054310285-400,PT0 0
way/116944631-220,PT0 0
way/1202440398-220,PT0 0
way/124722161-400,PT0 0
way/126366408-220,PT0 0
way/127205502-220,PT0 0
way/127205653-220,PT0 0
way/129055610-400,PT0 0
way/131715746-400,PT0 0
way/132865612-400,PT0 0
way/135457230-400,PT0 0
way/137667702-220,PT0 0
way/142182853-400,PT0 0
way/142658477-220,PT0 0
way/144374439-400,PT0 0
way/144374442-220,PT0 0
way/144377301-220,PT0 0
way/144385734-400,PT0 0
way/144385735-220,PT0 0
way/144386243-220,PT0 0
way/144396412-400,PT0 0
way/144396420-220,PT0 0
way/144398555-220,PT0 0
way/144400130-220,PT0 0
way/144432478-220,PT0 0
way/144432485-220,PT0 0
way/144432489-220,PT0 0
way/144439469-400,PT0 0
way/144439472-400,PT0 0
way/144545398-220,PT0 0
way/144554435-400,PT0 0
way/144564903-400,PT0 0
way/144573746-400,PT0 0
way/144584580-220,PT0 0
way/144584585-220,PT0 0
way/144588414-220,PT0 0
way/144596347-220,PT0 0
way/144599061-400,PT0 0
way/144601080-400,PT0 0
way/144622215-400,PT0 0
way/144635505-400,PT0 0
way/144639174-400,PT0 0
way/144654759-220,PT0 0
way/144762180-220,PT0 0
way/151061884-400,PT0 0
way/151111218-220,PT0 0
way/151162379-220,PT0 0
way/151162388-400,PT0 0
way/151168335-400,PT0 0
way/201459319-400,PT0 0
way/24636044-400,PT0 0
way/24636062-220,PT0 0
way/402947133-220,PT0 0
way/690953979-220,PT0 0
way/694016335-400,PT0 0
way/751560789-400,PT0 0
way/813954335-400,PT0 0
way/987944916-400,PT0 0
way/988035260-400,PT0 0
RO1-400,RO0 0
RO10-400,RO0 0
RO11-400,RO0 0
RO12-400,RO0 0
RO14-400,RO0 0
RO15-400,RO0 0
RO16-400,RO0 0
RO17-220,RO0 0
RO18-400,RO0 0
RO19-400,RO0 0
RO20-400,RO0 0
RO21-220,RO0 0
RO22-220,RO0 0
RO23-220,RO0 0
RO24-400,RO0 0
RO25-400,RO0 0
RO28-400,RO0 0
RO3-220,RO0 0
RO30-220,RO0 0
RO32-400,RO0 0
RO33-220,RO0 0
RO36-220,RO0 0
RO4-220,RO0 0
RO40-400,RO0 0
RO41-400,RO0 0
RO42-220,RO0 0
RO46-220,RO0 0
RO48-220,RO0 0
RO5-220,RO0 0
RO50-400,RO0 0
RO51-220,RO0 0
RO53-400,RO0 0
RO56-220,RO0 0
RO6-400,RO0 0
RO62-400,RO0 0
RO7-400,RO0 0
RO8-220,RO0 0
RO9-400,RO0 0
way/100654585-400,RO0 0
way/101158766-400,RO0 0
way/101258283-220,RO0 0
way/103213478-220,RO0 0
way/1066153075-220,RO0 0
way/1066158995-220,RO0 0
way/125672002-400,RO0 0
way/172029146-220,RO0 0
way/179934195-400,RO0 0
way/182655738-400,RO0 0
way/182886368-220,RO0 0
way/191363648-400,RO0 0
way/195155625-400,RO0 0
way/196557387-400,RO0 0
way/196654321-400,RO0 0
way/196672665-400,RO0 0
way/198276673-220,RO0 0
way/198283094-220,RO0 0
way/198333299-400,RO0 0
way/198777633-400,RO0 0
way/198777680-220,RO0 0
way/198777681-220,RO0 0
way/199657972-400,RO0 0
way/199657990-400,RO0 0
way/200720497-220,RO0 0
way/202461729-220,RO0 0
way/202948507-400,RO0 0
way/205384220-400,RO0 0
way/205894727-220,RO0 0
way/208045778-220,RO0 0
way/208263464-400,RO0 0
way/208452701-220,RO0 0
way/210831971-400,RO0 0
way/214146381-220,RO0 0
way/224849342-400,RO0 0
way/224885245-750,RO0 0
way/228718321-400,RO0 0
way/232578495-400,RO0 0
way/234876695-400,RO0 0
way/23575521-400,RO0 0
way/24710999-220,RO0 0
way/266629200-220,RO0 0
way/278910976-220,RO0 0
way/28251692-400,RO0 0
way/288598261-400,RO0 0
way/320998590-400,RO0 0
way/39524931-400,RO0 0
way/686646896-400,RO0 0
way/71212865-220,RO0 0
way/97334781-220,RO0 0
way/97402111-400,RO0 0
way/97872423-220,RO0 0
way/98111242-220,RO0 0
RS1-220,RS0 0
RS10-220,RS0 0
RS2-220,RS0 0
RS3-400,RS0 0
RS4-220,RS0 0
RS5-400,RS0 0
RS6-400,RS0 0
RS7-400,RS0 0
RS9-220,RS0 0
way/144936638-400,RS0 0
way/152481174-400,RS0 0
way/174921474-400,RS0 0
way/232243950-400,RS0 0
way/236110936-400,RS0 0
way/236110952-400,RS0 0
way/236134509-220,RS0 0
way/238249884-400,RS0 0
way/239947121-400,RS0 0
way/239998425-400,RS0 0
way/240179355-400,RS0 0
way/254397982-220,RS0 0
way/267325562-400,RS0 0
way/273601208-220,RS0 0
way/288282829-220,RS0 0
way/317496363-220,RS0 0
way/317497727-220,RS0 0
way/330729171-400,RS0 0
way/330729178-220,RS0 0
way/419803318-400,RS0 0
way/498961839-400,RS0 0
way/52456886-400,RS0 0
way/52564762-400,RS0 0
way/89109496-400,RS0 0
NO26-420,SE1 0
SE12-220,SE1 0
SE20-220,SE1 0
SE21-400,SE1 0
SE22-220,SE1 0
SE24-400,SE1 0
SE28-400,SE1 0
SE32-220,SE1 0
SE35-420,SE1 1
SE36-400,SE1 1
SE38-400,SE1 0
SE43-400,SE1 1
SE44-400,SE1 1
SE45-400,SE1 1
SE46-400,SE1 1
SE48-400,SE1 1
SE49-400,SE1 1
SE50-400,SE1 1
SE54-400,SE1 1
SE55-400,SE1 1
SE56-400,SE1 1
SE7-400,SE1 0
SE8-220,SE1 0
relation/10153505-400,SE1 1
relation/10629005-400,SE1 1
relation/11097406-420,SE1 1
relation/11334274-400,SE1 1
relation/11964241-400,SE1 1
relation/11971282-400,SE1 0
relation/12606773-220,SE1 0
relation/13889505-400,SE1 0
relation/14939275-400,SE1 1
relation/15654150-220,SE1 0
relation/15657009-400,SE1 0
relation/15657011-400,SE1 0
relation/18160532-400,SE1 0
relation/6081310-400,SE1 0
relation/7108546-220,SE1 0
relation/7123679-220,SE1 0
relation/7313829-400,SE1 0
relation/7319976-220,SE1 0
way/101320612-400,SE1 1
way/1013436462-400,SE1 0
way/1022235514-400,SE1 1
way/1025505726-400,SE1 1
way/1025530508-400,SE1 0
way/1028201096-400,SE1 0
way/1065701571-400,SE1 1
way/106607138-220,SE1 0
way/1237755672-400,SE1 0
way/1265541077-400,SE1 1
way/1265541078-400,SE1 1
way/1275744416-400,SE1 0
way/1302595553-400,SE1 1
way/138622087-220,SE1 0
way/144381726-220,SE1 0
way/160474491-400,SE1 1
way/168056174-220,SE1 0
way/168351799-400,SE1 0
way/168908158-220,SE1 0
way/168935344-220,SE1 0
way/172201471-400,SE1 1
way/187832596-400,SE1 0
way/200052139-400,SE1 1
way/200224266-400,SE1 1
way/200772307-400,SE1 0
way/207159887-400,SE1 0
way/208965529-400,SE1 0
way/209175136-400,SE1 0
way/220076858-400,SE1 0
way/23470015-400,SE1 0
way/241937764-400,SE1 0
way/24415564-220,SE1 0
way/24534144-400,SE1 1
way/252824769-400,SE1 0
way/255570234-220,SE1 0
way/255820193-400,SE1 0
way/256147227-220,SE1 0
way/257920140-400,SE1 1
way/260770703-400,SE1 0
way/260986936-400,SE1 1
way/261447466-400,SE1 0
way/262859794-400,SE1 0
way/263688590-400,SE1 1
way/263697062-400,SE1 1
way/263701163-400,SE1 1
way/265416362-400,SE1 1
way/26755070-220,SE1 0
way/278497532-400,SE1 0
way/278505918-400,SE1 0
way/278968688-400,SE1 0
way/278968690-400,SE1 0
way/278968695-400,SE1 0
way/279194469-400,SE1 0
way/279212108-220,SE1 0
way/279842937-400,SE1 1
way/281023714-400,SE1 1
way/281390335-400,SE1 1
way/28276448-400,SE1 0
way/283078113-220,SE1 0
way/28390455-400,SE1 1
way/284127778-400,SE1 0
way/284182193-400,SE1 1
way/284869911-220,SE1 0
way/286857165-400,SE1 0
way/287753969-400,SE1 0
way/287756074-400,SE1 0
way/292593503-400,SE1 0
way/294798805-220,SE1 0
way/294897999-400,SE1 1
way/299750661-400,SE1 0
way/375751481-220,SE1 0
way/38105008-400,SE1 0
way/400471060-400,SE1 0
way/44636668-400,SE1 1
way/469402329-220,SE1 0
way/470977068-220,SE1 0
way/471002829-220,SE1 0
way/471015841-220,SE1 0
way/471732548-236,SE1 0
way/51252509-400,SE1 1
way/5174038-400,SE1 0
way/52956134-400,SE1 0
way/57675923-400,SE1 1
way/718209950-400,SE1 1
way/80702333-400,SE1 0
way/934908818-400,SE1 1
SI1-400,SI0 0
SI2-220,SI0 0
way/105894370-400,SI0 0
way/113568896-400,SI0 0
way/113578863-400,SI0 0
way/119244495-400,SI0 0
way/138362793-400,SI0 0
way/167068843-220,SI0 0
way/96747435-400,SI0 0
HU5-400,SK0 0
SK1-400,SK0 0
SK11-400,SK0 0
SK12-400,SK0 0
SK2-220,SK0 0
SK3-400,SK0 0
SK4-400,SK0 0
SK5-400,SK0 0
SK6-220,SK0 0
SK7-220,SK0 0
SK8-400,SK0 0
SK9-400,SK0 0
relation/11038054-400,SK0 0
way/100979306-400,SK0 0
way/111687967-400,SK0 0
way/122257444-400,SK0 0
way/128968280-400,SK0 0
way/146531966-400,SK0 0
way/175052362-400,SK0 0
way/220704941-400,SK0 0
way/229685438-400,SK0 0
way/239560640-400,SK0 0
way/320168128-400,SK0 0
way/33881667-400,SK0 0
way/5131796-400,SK0 0
way/51982806-400,SK0 0
way/614130490-400,SK0 0
way/648002755-400,SK0 0
way/666404730-400,SK0 0
way/672771472-400,SK0 0
way/783483874-400,SK0 0
way/93468022-400,SK0 0
MK1-220,XK0 0
XK1-220,XK0 0
XK2-400,XK0 0
way/1302365574-220,XK0 0
way/196695540-220,XK0 0
way/317499556-400,XK0 0
way/613473916-220,XK0 0
